297,-1,1240.7,170.2,208.2,635.2,1.0
297,-1,837.7,178.9,180.7,563.9,1.0
297,-1,1063.9,205.3,187.9,554.2,1.0
297,-1,379.1,123.1,274.4,765.4,1.0
297,-1,33.8,114.3,305.4,821.9,1.0
297,-1,1789.5,903.7,39.1,75.6,0.999
297,-1,761.1,282.0,97.8,266.4,0.999
297,-1,720.9,319.8,50.8,146.5,0.999
111,-1,688.5,394.2,70.4,172.1,1.0
111,-1,1086.0,301.5,192.9,468.5,1.0
111,-1,770.6,227.6,211.5,654.1,1.0
111,-1,423.1,348.0,108.1,366.6,1.0
111,-1,1589.9,364.6,50.0,139.4,1.0
111,-1,1278.8,389.8,48.7,126.9,1.0
111,-1,959.1,323.6,100.3,337.9,0.999
111,-1,1874.9,387.3,35.1,104.3,0.956
450,-1,1159.3,131.3,316.7,846.1,1.0
450,-1,704.2,198.5,176.4,534.9,1.0
450,-1,929.3,220.6,140.0,443.4,1.0
450,-1,596.6,306.8,109.1,261.9,1.0
450,-1,546.6,308.6,65.4,211.2,0.999
450,-1,1105.2,309.8,83.8,244.8,0.998
432,-1,1061.8,132.5,338.6,845.2,1.0
432,-1,692.4,207.6,178.3,542.5,1.0
432,-1,882.9,236.2,137.3,436.4,1.0
432,-1,1.0,1.0,506.0,1080.0,1.0
432,-1,594.0,324.1,102.3,233.5,1.0
432,-1,522.2,323.2,64.5,185.0,0.998
43,-1,921.5,265.5,208.7,690.3,1.0
43,-1,327.1,363.6,181.6,481.7,1.0
43,-1,570.8,356.1,145.1,487.8,1.0
43,-1,1122.9,361.0,158.1,437.0,1.0
43,-1,806.7,455.2,42.8,138.0,1.0
43,-1,848.3,434.7,58.0,157.2,1.0
43,-1,910.7,452.0,35.4,113.7,0.129
352,-1,1156.5,131.3,282.2,728.7,1.0
352,-1,786.0,189.2,198.7,552.7,1.0
352,-1,591.5,235.2,153.4,400.0,1.0
352,-1,949.7,212.1,128.7,446.3,0.999
352,-1,1074.9,323.6,73.9,194.7,0.996
32,-1,392.7,320.9,151.2,429.3,1.0
32,-1,890.6,195.1,231.1,688.3,1.0
32,-1,577.7,314.0,140.9,423.1,1.0
32,-1,790.3,394.4,45.5,134.9,1.0
32,-1,837.3,378.8,51.2,150.2,1.0
32,-1,1093.2,291.9,166.6,435.4,1.0
32,-1,1517.5,362.2,49.8,134.9,0.995
32,-1,1807.2,386.6,29.3,106.2,0.985
103,-1,714.3,241.5,224.8,670.0,1.0
103,-1,1036.5,315.2,198.3,468.6,1.0
103,-1,645.9,413.5,62.6,165.1,1.0
103,-1,394.6,359.6,98.8,353.4,1.0
103,-1,922.3,338.4,103.3,336.6,1.0
103,-1,1520.3,379.1,49.1,138.7,1.0
103,-1,1239.8,404.5,46.3,122.4,0.999
103,-1,1793.3,398.9,41.2,111.3,0.999
419,-1,1125.4,157.5,271.2,811.4,1.0
419,-1,747.6,217.8,177.8,532.1,1.0
419,-1,224.9,1.0,417.9,1080.0,1.0
419,-1,643.0,335.3,87.7,215.5,1.0
419,-1,1029.3,336.7,99.7,227.1,1.0
419,-1,888.8,238.9,142.3,445.6,1.0
419,-1,1.0,8.6,246.6,1072.4,0.99
420,-1,1121.3,157.4,277.5,810.4,1.0
420,-1,740.5,218.1,184.5,531.9,1.0
420,-1,639.1,341.5,92.3,205.5,1.0
420,-1,213.7,1.0,429.8,1080.0,1.0
420,-1,1029.6,334.0,99.5,228.8,0.999
420,-1,890.7,240.9,140.3,446.3,0.999
420,-1,1.0,23.0,216.3,1045.3,0.971
249,-1,775.2,324.3,199.7,577.8,1.0
249,-1,1102.4,339.5,218.9,581.7,1.0
249,-1,631.0,399.9,126.6,358.8,1.0
249,-1,122.1,200.2,369.6,866.3,1.0
249,-1,1576.3,982.5,28.3,67.9,1.0
249,-1,497.5,396.4,124.8,383.7,0.999
249,-1,1747.7,996.9,39.0,84.1,0.994
249,-1,14.4,341.7,192.1,700.3,0.979
21,-1,674.4,358.0,49.9,138.6,1.0
21,-1,310.7,283.5,146.5,396.2,1.0
21,-1,483.6,274.8,131.1,399.9,1.0
21,-1,725.7,344.5,48.7,134.8,1.0
21,-1,849.8,172.2,206.5,646.5,1.0
21,-1,784.1,354.2,48.8,119.5,1.0
21,-1,1009.8,237.5,107.1,440.8,0.965
7,-1,882.8,153.3,191.6,624.9,1.0
7,-1,356.6,264.9,120.8,339.1,1.0
7,-1,514.6,261.9,103.5,341.1,1.0
7,-1,723.6,318.4,52.2,131.9,1.0
7,-1,683.6,328.8,42.1,136.2,1.0
7,-1,783.2,330.3,45.0,119.2,1.0
7,-1,840.4,320.1,61.3,147.6,0.349
7,-1,1.0,1.0,253.9,1080.0,0.237
36,-1,904.5,229.5,228.5,684.1,1.0
36,-1,391.0,338.9,153.4,448.1,1.0
36,-1,1116.7,316.2,164.3,425.7,1.0
36,-1,586.0,322.6,140.4,449.0,1.0
36,-1,850.3,399.0,52.2,148.2,1.0
36,-1,807.6,419.1,42.3,132.1,0.999
363,-1,1099.9,140.4,280.0,710.9,1.0
363,-1,631.0,195.5,163.4,491.6,1.0
363,-1,489.8,224.4,150.9,450.0,1.0
363,-1,767.2,182.6,171.0,551.3,1.0
363,-1,983.6,322.5,78.5,196.8,1.0
178,-1,1098.1,285.8,206.0,529.0,1.0
178,-1,771.6,264.6,201.9,620.6,1.0
178,-1,552.5,378.4,105.4,282.0,1.0
178,-1,657.4,349.6,139.3,312.9,1.0
178,-1,1006.4,372.5,89.8,229.2,1.0
178,-1,7.4,227.4,153.9,853.6,0.341
112,-1,768.2,228.6,213.4,650.9,1.0
112,-1,1092.7,298.6,185.5,468.1,1.0
112,-1,691.8,391.9,69.1,176.8,1.0
112,-1,422.6,342.2,107.6,376.1,1.0
112,-1,1284.1,389.4,49.9,127.4,1.0
112,-1,964.5,324.1,98.3,331.9,1.0
112,-1,1596.0,365.8,50.1,135.8,1.0
324,-1,807.6,166.1,204.3,554.7,1.0
324,-1,1151.9,31.2,333.5,1049.8,1.0
324,-1,723.5,259.5,112.2,311.2,1.0
324,-1,969.5,195.6,125.0,417.5,1.0
324,-1,700.0,299.5,49.9,174.2,0.276
324,-1,8.1,1.0,336.7,1080.0,0.216
230,-1,1174.8,326.5,207.0,565.6,1.0
230,-1,843.8,298.5,197.8,592.2,1.0
230,-1,463.3,291.1,225.3,565.0,1.0
230,-1,299.0,372.0,183.2,483.0,1.0
230,-1,1043.2,418.1,83.0,221.0,1.0
230,-1,736.5,401.4,121.5,294.3,0.999
230,-1,1632.1,947.3,28.9,66.3,0.993
417,-1,1118.7,149.0,281.7,824.7,1.0
417,-1,745.4,222.8,173.7,523.9,1.0
417,-1,268.6,1.7,382.4,1076.8,1.0
417,-1,884.6,236.0,138.9,449.4,1.0
417,-1,1.0,59.1,285.4,964.5,0.999
417,-1,649.7,341.9,79.5,207.8,0.999
417,-1,1026.1,340.8,105.4,228.1,0.999
61,-1,109.5,407.7,240.2,648.4,1.0
61,-1,450.2,402.5,198.9,627.1,1.0
61,-1,1069.5,414.4,180.1,453.9,1.0
61,-1,737.0,518.1,56.3,144.1,1.0
61,-1,822.8,344.3,231.6,683.5,1.0
422,-1,1123.4,135.1,275.7,838.0,1.0
422,-1,742.3,212.4,174.9,537.5,1.0
422,-1,635.5,335.3,94.6,211.4,1.0
422,-1,892.1,244.4,141.8,434.4,1.0
422,-1,184.1,1.0,449.3,1080.0,1.0
422,-1,1032.5,330.0,98.9,230.9,0.995
422,-1,1.0,20.3,192.8,996.0,0.718
268,-1,1157.1,327.5,212.8,598.8,1.0
268,-1,829.3,325.3,175.2,577.2,1.0
268,-1,533.5,365.1,189.7,467.2,1.0
268,-1,724.4,461.5,48.6,144.2,1.0
268,-1,1001.6,397.7,134.3,373.7,1.0
268,-1,1604.7,981.2,29.5,70.6,1.0
268,-1,393.7,385.5,164.0,476.2,1.0
268,-1,1783.1,1014.5,37.2,66.5,0.938
268,-1,786.0,443.3,75.4,214.5,0.871
350,-1,1168.2,144.7,277.3,704.6,1.0
350,-1,796.1,192.4,192.6,546.2,1.0
350,-1,610.2,237.2,146.6,390.9,1.0
350,-1,955.2,221.1,133.3,433.9,0.999
350,-1,1087.2,321.9,72.9,192.0,0.999
407,-1,1064.8,150.8,298.9,789.6,1.0
407,-1,53.9,122.8,305.0,806.1,1.0
407,-1,354.8,54.0,341.6,902.8,1.0
407,-1,720.8,213.7,180.4,536.9,1.0
407,-1,972.8,340.2,96.6,221.0,0.998
407,-1,857.9,235.6,131.4,454.6,0.995
54,-1,175.9,427.0,228.6,550.1,1.0
54,-1,488.2,394.0,168.2,562.4,1.0
54,-1,872.7,347.1,213.4,683.2,1.0
54,-1,1079.8,410.8,161.0,451.3,1.0
54,-1,751.4,510.3,56.7,143.1,1.0
54,-1,805.1,490.6,57.2,155.0,1.0
266,-1,1155.2,331.0,210.6,594.7,1.0
266,-1,823.4,331.5,185.3,576.0,1.0
266,-1,543.1,377.3,187.0,456.1,1.0
266,-1,1603.0,982.1,30.1,69.5,1.0
266,-1,410.0,388.2,161.1,465.8,1.0
266,-1,724.6,465.3,49.2,142.1,0.999
266,-1,1003.1,409.5,119.6,355.1,0.999
266,-1,1782.6,1010.7,37.8,70.3,0.96
266,-1,1.0,87.0,237.7,994.0,0.08
266,-1,791.3,446.8,62.0,206.8,0.08
287,-1,431.1,170.0,231.2,634.1,1.0
287,-1,767.1,207.1,186.5,558.0,1.0
287,-1,1721.2,911.0,39.2,82.0,1.0
287,-1,1137.2,201.8,224.8,618.1,1.0
287,-1,172.9,186.8,227.4,660.4,1.0
287,-1,989.9,258.6,170.9,469.3,1.0
287,-1,669.4,349.8,47.8,148.8,0.999
172,-1,766.5,244.2,195.7,624.4,1.0
172,-1,1083.9,286.0,202.4,524.0,1.0
172,-1,3.2,236.1,207.9,816.3,1.0
172,-1,665.9,346.7,116.2,307.2,1.0
172,-1,569.3,388.2,107.6,256.9,1.0
172,-1,1002.0,377.9,86.7,224.6,0.999
97,-1,699.7,239.5,233.0,685.0,1.0
97,-1,1007.3,310.4,187.5,462.8,1.0
97,-1,633.4,419.5,63.2,159.9,1.0
97,-1,392.5,371.2,104.5,329.8,1.0
97,-1,1225.3,410.6,46.4,119.0,1.0
97,-1,1764.3,407.3,36.4,107.9,1.0
97,-1,1491.3,385.1,47.4,139.2,0.999
97,-1,905.9,344.6,96.7,323.6,0.999
97,-1,1.0,77.2,325.5,1003.8,0.995
97,-1,1262.6,421.4,28.1,99.2,0.105
190,-1,800.6,255.2,200.9,598.1,1.0
190,-1,1146.1,289.8,203.7,527.7,1.0
190,-1,654.2,321.7,153.4,367.7,1.0
190,-1,552.5,373.6,123.0,308.2,1.0
190,-1,1031.9,375.0,92.8,226.3,1.0
341,-1,808.4,190.5,193.9,568.1,1.0
341,-1,671.1,258.7,136.6,367.6,1.0
341,-1,1143.8,340.1,65.3,184.1,1.0
341,-1,1229.5,191.9,249.6,663.9,1.0
341,-1,978.8,230.5,131.9,430.5,1.0
341,-1,1434.6,1.0,486.4,1080.0,0.983
42,-1,346.3,360.0,169.3,473.1,1.0
42,-1,922.7,272.7,208.3,674.1,1.0
42,-1,579.8,345.8,139.9,487.9,1.0
42,-1,808.6,448.0,45.7,138.5,1.0
42,-1,1123.5,349.5,161.9,430.9,1.0
42,-1,852.9,430.9,56.2,153.0,1.0
42,-1,906.3,446.5,32.8,103.0,0.137
428,-1,1066.6,138.0,339.5,823.8,1.0
428,-1,714.9,213.3,184.8,536.0,1.0
428,-1,613.8,329.3,95.9,222.9,1.0
428,-1,32.8,1.0,539.1,1080.0,1.0
428,-1,886.2,235.1,140.3,447.2,1.0
428,-1,536.1,320.4,67.2,196.0,0.98
222,-1,1151.0,313.0,203.6,553.0,1.0
222,-1,803.2,295.2,207.0,608.9,1.0
222,-1,491.6,324.8,205.6,491.6,1.0
222,-1,347.8,391.3,177.8,421.4,1.0
222,-1,1021.5,415.4,84.0,221.7,1.0
222,-1,756.7,403.5,86.8,272.3,0.099
98,-1,1013.8,311.4,186.0,465.1,1.0
98,-1,703.4,239.9,219.2,680.8,1.0
98,-1,633.1,417.3,63.2,163.2,1.0
98,-1,1226.8,409.8,45.5,120.4,1.0
98,-1,1764.6,407.5,36.4,103.7,1.0
98,-1,394.3,375.6,102.1,326.6,1.0
98,-1,1490.7,385.1,47.5,136.7,1.0
98,-1,904.8,343.7,95.9,326.8,0.999
98,-1,2.9,92.3,300.6,988.7,0.966
17,-1,310.7,271.3,144.0,378.7,1.0
17,-1,838.5,157.2,209.7,648.4,1.0
17,-1,707.6,325.7,53.7,142.5,1.0
17,-1,776.0,339.1,49.9,114.9,1.0
17,-1,664.1,340.7,45.8,136.3,1.0
17,-1,478.6,266.5,116.6,360.0,1.0
17,-1,1368.8,329.9,48.6,135.1,0.987
17,-1,826.3,346.7,33.8,102.8,0.815
17,-1,1004.6,234.1,103.3,431.7,0.735
400,-1,1048.5,151.0,302.1,795.8,1.0
400,-1,418.3,86.7,264.6,785.0,1.0
400,-1,731.7,213.2,179.1,524.9,1.0
400,-1,129.2,154.4,298.6,721.1,1.0
400,-1,867.6,240.4,113.7,435.7,0.663
400,-1,964.7,336.8,92.4,218.1,0.335
400,-1,695.0,299.7,66.8,235.5,0.232
413,-1,1104.2,151.3,287.1,809.0,1.0
413,-1,324.1,44.6,349.8,986.7,1.0
413,-1,737.0,231.0,176.4,519.1,1.0
413,-1,4.5,101.5,322.7,867.4,1.0
413,-1,875.5,236.7,132.1,442.4,0.999
413,-1,1002.8,339.7,101.3,228.2,0.999
413,-1,649.5,343.5,77.7,206.1,0.99
236,-1,1157.3,319.1,211.0,566.9,1.0
236,-1,848.0,314.9,186.8,576.3,1.0
236,-1,377.6,276.1,269.2,630.9,1.0
236,-1,213.4,361.5,197.5,545.7,1.0
236,-1,711.1,393.3,119.3,316.2,1.0
236,-1,1033.1,421.3,83.6,229.5,0.999
236,-1,604.8,402.0,111.6,311.1,0.998
236,-1,1620.9,963.6,26.4,67.0,0.994
245,-1,1112.9,325.9,220.6,594.7,1.0
245,-1,799.3,315.9,193.5,584.2,1.0
245,-1,210.0,239.0,338.9,743.2,1.0
245,-1,655.3,396.7,128.0,341.6,1.0
245,-1,42.1,340.2,234.6,638.4,0.999
245,-1,527.4,397.8,122.9,338.0,0.999
245,-1,1589.2,972.2,28.7,73.8,0.998
245,-1,1000.7,433.2,79.1,226.3,0.998
245,-1,1605.5,974.3,25.8,72.4,0.057
395,-1,1044.8,152.1,303.5,800.5,1.0
395,-1,455.6,126.5,250.4,722.5,1.0
395,-1,757.3,216.0,174.1,543.4,1.0
395,-1,196.2,168.3,275.7,663.0,1.0
395,-1,970.6,340.2,95.0,220.1,0.978
395,-1,704.4,312.5,81.6,223.3,0.959
309,-1,204.1,34.5,390.4,1046.5,1.0
309,-1,828.4,190.6,196.4,561.7,1.0
309,-1,1092.7,177.2,232.1,690.7,1.0
309,-1,1272.2,167.7,205.6,673.2,1.0
309,-1,739.1,331.8,51.7,148.0,1.0
309,-1,995.9,219.8,106.7,421.1,0.991
309,-1,1832.1,926.9,36.4,74.2,0.987
309,-1,783.7,282.0,95.0,276.9,0.102
365,-1,1094.5,150.0,291.2,696.1,1.0
365,-1,617.8,191.1,164.9,491.3,1.0
365,-1,762.6,181.1,177.1,563.0,1.0
365,-1,470.1,227.7,155.5,459.8,1.0
365,-1,981.2,321.1,78.7,199.9,0.998
250,-1,774.1,320.9,197.4,581.5,1.0
250,-1,1103.5,340.5,215.7,582.7,1.0
250,-1,624.0,401.1,128.8,352.8,1.0
250,-1,112.3,210.7,351.4,860.4,1.0
250,-1,491.5,401.9,124.3,385.7,1.0
250,-1,1574.6,979.7,29.6,72.3,0.999
250,-1,1748.0,998.9,43.0,82.1,0.989
250,-1,5.0,329.3,170.9,749.8,0.609
345,-1,801.6,192.7,196.8,547.4,1.0
345,-1,1212.3,148.2,250.2,704.8,1.0
345,-1,649.6,258.2,142.5,359.4,1.0
345,-1,972.9,218.8,130.4,444.7,1.0
345,-1,1120.3,332.7,69.5,181.5,0.997
345,-1,1602.4,1.0,297.9,1080.0,0.062
108,-1,1077.0,296.3,187.1,480.2,1.0
108,-1,754.2,235.5,217.7,661.0,1.0
108,-1,682.1,402.7,66.8,171.4,1.0
108,-1,425.4,352.4,104.8,364.0,1.0
108,-1,1266.9,392.6,45.6,124.8,1.0
108,-1,1573.7,370.1,48.0,137.2,1.0
108,-1,950.0,325.9,99.3,332.6,1.0
108,-1,1855.2,388.1,38.5,111.1,1.0
364,-1,1097.6,152.6,276.7,706.7,1.0
364,-1,621.3,192.7,166.7,487.3,1.0
364,-1,477.8,219.8,155.9,456.1,1.0
364,-1,763.5,181.5,176.5,564.9,1.0
364,-1,983.0,319.6,78.3,198.4,0.999
11,-1,330.0,266.1,133.9,343.5,1.0
11,-1,870.5,152.5,195.0,643.7,1.0
11,-1,495.0,262.4,111.2,356.1,1.0
11,-1,711.9,321.8,54.2,134.2,1.0
11,-1,775.2,335.1,48.3,118.7,1.0
11,-1,674.3,335.9,45.9,129.8,0.999
11,-1,829.7,331.1,51.3,127.5,0.998
311,-1,824.4,181.4,192.0,564.0,1.0
311,-1,160.8,17.5,416.7,1063.5,1.0
311,-1,1103.3,171.9,232.6,706.1,1.0
311,-1,1825.6,924.1,37.3,75.7,1.0
311,-1,736.5,329.3,51.1,145.3,1.0
311,-1,1269.5,169.0,212.1,654.5,0.999
311,-1,988.1,220.5,114.3,420.5,0.999
299,-1,1068.7,200.8,195.7,569.3,1.0
299,-1,843.8,177.9,183.9,569.5,1.0
299,-1,1249.3,175.4,211.6,633.7,1.0
299,-1,363.8,109.5,287.5,793.4,1.0
299,-1,7.2,105.1,313.8,882.0,1.0
299,-1,767.3,281.1,105.1,266.1,0.999
299,-1,731.5,322.0,50.5,141.6,0.998
299,-1,1803.0,913.6,37.1,70.7,0.995
40,-1,1124.8,329.0,159.5,440.5,1.0
40,-1,365.3,354.8,162.8,455.8,1.0
40,-1,584.8,338.3,145.7,473.8,1.0
40,-1,916.6,253.4,229.7,683.0,1.0
40,-1,851.1,420.2,58.4,155.2,1.0
40,-1,813.0,440.6,41.4,136.9,1.0
40,-1,910.2,431.9,35.4,117.7,0.079
3,-1,387.6,276.8,116.7,324.3,1.0
3,-1,537.9,267.0,100.1,327.2,1.0
3,-1,874.4,142.8,221.0,630.6,1.0
3,-1,734.9,320.2,49.5,137.2,1.0
3,-1,692.0,335.8,42.2,130.5,1.0
3,-1,791.5,333.3,40.6,117.7,0.999
3,-1,7.0,20.1,348.4,1060.9,0.998
29,-1,876.2,189.7,233.2,665.1,1.0
29,-1,385.4,307.9,147.4,421.7,1.0
29,-1,814.0,363.5,52.6,143.8,1.0
29,-1,562.0,300.2,140.2,419.8,1.0
29,-1,1079.7,283.7,158.2,423.2,1.0
29,-1,773.6,380.7,38.6,132.1,1.0
29,-1,1488.2,351.4,52.7,141.3,0.996
29,-1,1783.2,367.2,28.7,107.6,0.979
29,-1,1763.0,366.7,27.5,103.6,0.889
29,-1,1741.8,367.6,25.6,100.0,0.753
187,-1,1142.7,275.3,203.8,529.6,1.0
187,-1,792.3,255.6,202.5,602.9,1.0
187,-1,661.5,340.0,148.1,350.0,1.0
187,-1,558.9,384.3,114.4,301.4,1.0
187,-1,1031.4,376.6,90.7,224.6,1.0
143,-1,1102.9,297.1,191.8,503.8,1.0
143,-1,750.7,244.8,207.7,644.6,1.0
143,-1,661.9,396.0,86.4,216.7,1.0
143,-1,1661.1,366.0,54.8,137.0,1.0
143,-1,266.1,330.1,170.0,506.6,1.0
143,-1,940.0,330.2,101.1,345.1,0.999
143,-1,1029.9,373.3,81.1,227.6,0.992
166,-1,1095.0,293.0,206.0,515.6,1.0
166,-1,759.7,257.2,209.5,630.8,1.0
166,-1,25.0,290.4,257.6,721.5,1.0
166,-1,603.6,395.6,101.6,242.6,1.0
166,-1,1012.0,383.5,88.7,227.3,1.0
166,-1,1683.9,375.4,57.9,136.5,0.999
166,-1,692.8,361.7,100.3,285.4,0.998
166,-1,929.2,330.5,81.7,344.6,0.097
84,-1,229.7,223.0,320.6,858.0,1.0
84,-1,713.7,454.1,60.1,155.6,1.0
84,-1,1080.1,353.3,167.1,466.1,1.0
84,-1,804.4,295.6,218.2,663.0,1.0
84,-1,985.9,368.3,85.3,334.7,0.739
84,-1,1308.0,451.3,34.2,117.0,0.5
84,-1,1549.7,426.0,46.9,131.8,0.112
84,-1,778.5,440.5,57.4,155.2,0.067
208,-1,1088.3,310.4,218.4,543.9,1.0
208,-1,534.2,328.7,187.9,429.4,1.0
208,-1,802.3,292.6,182.8,599.8,1.0
208,-1,404.0,385.6,142.7,369.9,1.0
208,-1,998.5,402.3,90.0,224.6,1.0
208,-1,752.7,406.9,89.9,235.1,0.092
392,-1,1054.0,157.9,298.2,778.9,1.0
392,-1,472.3,150.1,235.1,684.6,1.0
392,-1,762.8,215.8,185.5,555.9,1.0
392,-1,249.1,173.9,236.2,635.6,1.0
392,-1,976.3,341.0,90.4,213.4,0.999
392,-1,708.8,315.6,85.0,222.6,0.984
371,-1,1096.8,150.4,271.6,714.4,1.0
371,-1,756.5,196.4,173.8,550.6,1.0
371,-1,580.2,181.9,180.1,532.5,1.0
371,-1,430.2,217.3,169.9,496.7,1.0
371,-1,971.5,322.9,81.4,199.5,0.999
167,-1,1094.5,290.9,203.0,515.4,1.0
167,-1,761.8,258.6,206.3,626.8,1.0
167,-1,601.9,395.1,98.0,245.6,1.0
167,-1,18.5,272.0,254.6,736.9,1.0
167,-1,1009.6,381.5,88.0,226.5,0.999
167,-1,682.3,359.8,107.0,292.2,0.999
167,-1,1679.6,374.5,57.0,137.7,0.987
129,-1,715.3,229.5,219.0,662.3,1.0
129,-1,321.9,329.5,142.8,437.8,1.0
129,-1,1077.3,291.3,188.0,486.0,1.0
129,-1,1618.4,367.8,49.7,134.5,1.0
129,-1,941.7,326.8,102.4,335.5,1.0
129,-1,665.2,385.2,71.8,192.0,0.998
270,-1,1155.2,315.4,218.1,610.5,1.0
270,-1,521.1,361.7,198.6,468.7,1.0
270,-1,1002.5,394.6,141.3,382.4,1.0
270,-1,830.9,320.2,171.7,587.7,1.0
270,-1,719.3,460.2,48.4,142.4,0.999
270,-1,370.7,363.6,168.9,491.9,0.999
270,-1,779.1,433.3,83.0,220.1,0.998
270,-1,1775.1,1013.8,41.6,67.2,0.984
270,-1,1597.4,981.1,29.8,68.8,0.979
225,-1,1168.9,308.3,196.7,567.5,1.0
225,-1,823.6,307.0,199.4,579.4,1.0
225,-1,492.2,297.9,210.4,536.8,1.0
225,-1,336.0,376.4,180.3,444.0,1.0
225,-1,1032.6,413.7,85.0,227.5,0.999
225,-1,748.8,392.8,106.2,284.8,0.998
52,-1,1083.3,404.9,166.2,449.7,1.0
52,-1,202.6,409.8,217.4,562.8,1.0
52,-1,500.0,388.8,166.1,550.6,1.0
52,-1,882.0,340.5,214.0,678.5,1.0
52,-1,759.4,503.2,53.6,139.6,1.0
52,-1,809.2,484.8,58.1,155.5,1.0
52,-1,870.6,487.7,45.3,137.7,0.081
125,-1,1096.0,291.1,178.9,481.4,1.0
125,-1,731.8,236.1,212.6,648.0,1.0
125,-1,1623.3,366.3,52.4,136.4,1.0
125,-1,355.2,335.2,131.7,415.8,1.0
125,-1,959.9,323.5,100.3,337.4,1.0
125,-1,679.0,383.0,69.6,193.8,0.999
446,-1,675.6,206.0,183.8,524.6,1.0
446,-1,1119.3,115.6,325.0,832.3,1.0
446,-1,578.9,298.7,110.5,266.9,1.0
446,-1,905.6,215.6,138.5,456.6,1.0
446,-1,521.0,313.3,66.2,195.9,1.0
446,-1,1011.4,301.9,93.8,248.5,0.913
446,-1,1074.2,301.5,77.2,245.8,0.257
212,-1,509.4,327.3,206.5,455.3,1.0
212,-1,1094.4,308.7,216.1,548.9,1.0
212,-1,788.3,286.0,193.8,609.5,1.0
212,-1,376.4,380.3,150.9,396.3,1.0
212,-1,995.1,402.3,89.1,226.5,1.0
310,-1,1100.9,165.6,237.7,698.3,1.0
310,-1,179.7,28.7,405.5,1052.3,1.0
310,-1,824.1,180.5,198.8,572.6,1.0
310,-1,738.3,329.6,51.7,150.2,1.0
310,-1,1826.2,922.7,36.9,77.9,0.999
310,-1,1270.5,168.4,213.4,661.6,0.999
310,-1,992.2,217.1,107.5,428.0,0.998
310,-1,1849.4,918.2,29.9,80.7,0.068
219,-1,1128.7,308.2,213.5,561.2,1.0
219,-1,788.4,289.8,202.6,600.6,1.0
219,-1,493.6,316.9,206.7,501.1,1.0
219,-1,357.6,387.0,157.7,429.1,1.0
219,-1,1009.1,413.3,85.9,219.8,1.0
366,-1,1090.2,151.5,293.5,693.1,1.0
366,-1,604.3,191.7,166.6,496.0,1.0
366,-1,760.8,190.7,171.1,549.4,1.0
366,-1,461.3,224.7,158.4,472.1,1.0
366,-1,973.0,325.3,84.9,194.9,0.999
366,-1,864.3,210.6,106.6,469.5,0.138
128,-1,1081.7,290.6,188.7,481.9,1.0
128,-1,720.4,229.5,213.4,660.5,1.0
128,-1,330.0,328.4,137.4,435.9,1.0
128,-1,942.4,325.9,103.4,337.6,1.0
128,-1,1618.6,369.3,49.7,134.8,1.0
128,-1,667.3,382.9,71.0,195.3,0.999
388,-1,493.7,171.4,228.5,650.3,1.0
388,-1,1077.7,157.3,281.7,745.0,1.0
388,-1,771.5,219.4,181.8,538.8,1.0
388,-1,309.7,184.9,213.9,597.8,1.0
388,-1,977.8,343.1,89.1,213.5,1.0
388,-1,719.9,312.8,80.5,218.7,0.992
186,-1,1136.3,280.4,207.2,533.1,1.0
186,-1,794.4,258.8,200.4,620.2,1.0
186,-1,667.7,334.0,141.8,346.8,1.0
186,-1,556.2,389.8,118.2,288.3,1.0
186,-1,1027.5,375.0,90.8,226.1,1.0
134,-1,1078.5,291.9,183.6,483.4,1.0
134,-1,723.2,241.4,211.1,631.8,1.0
134,-1,302.2,328.0,141.7,457.4,1.0
134,-1,1618.6,364.0,55.2,139.3,1.0
134,-1,655.0,386.2,75.7,205.3,1.0
134,-1,926.1,315.8,103.3,345.6,1.0
134,-1,1019.1,370.2,72.2,224.3,0.106
161,-1,1129.7,303.7,188.5,516.4,1.0
161,-1,768.4,262.9,204.9,624.0,1.0
161,-1,113.4,284.8,224.2,679.4,1.0
161,-1,640.0,392.9,102.2,247.1,1.0
161,-1,1032.8,383.9,85.2,231.3,0.999
161,-1,939.4,333.8,107.6,347.7,0.998
161,-1,1703.6,383.7,56.1,132.1,0.995
126,-1,722.6,226.8,216.7,661.7,1.0
126,-1,1092.9,294.2,179.7,481.1,1.0
126,-1,1622.1,369.9,51.8,132.3,1.0
126,-1,348.1,329.8,132.2,423.8,1.0
126,-1,955.1,323.2,100.1,338.1,1.0
126,-1,676.3,382.0,69.5,193.0,0.997
330,-1,820.8,172.4,192.5,569.1,1.0
330,-1,1225.8,1.0,380.6,1080.0,1.0
330,-1,713.9,247.9,119.6,337.6,1.0
330,-1,1171.5,313.4,56.0,190.8,0.999
330,-1,974.1,194.3,130.1,440.2,0.997
441,-1,666.2,194.2,173.1,526.4,1.0
441,-1,1095.8,113.2,332.6,847.9,1.0
441,-1,888.7,224.0,132.0,442.1,1.0
441,-1,508.2,306.8,63.2,199.9,1.0
441,-1,573.9,310.2,108.0,244.4,1.0
441,-1,998.0,305.8,88.7,235.5,0.372
441,-1,3.1,1.0,288.2,1080.0,0.339
314,-1,818.0,180.4,194.1,557.6,1.0
314,-1,1113.1,131.3,255.7,773.4,1.0
314,-1,88.8,1.0,451.9,1080.0,1.0
314,-1,726.3,326.9,49.2,146.3,1.0
314,-1,986.3,210.4,112.5,438.0,0.999
314,-1,1817.8,926.2,38.4,76.0,0.999
314,-1,1287.7,166.7,175.5,655.9,0.918
314,-1,770.2,279.4,93.4,279.5,0.312
325,-1,805.8,166.6,205.6,541.9,1.0
325,-1,1159.2,33.2,327.5,1047.8,1.0
325,-1,717.2,252.8,119.3,314.9,0.999
325,-1,973.4,193.0,121.9,429.8,0.995
325,-1,25.6,17.1,286.2,1063.9,0.103
153,-1,1147.3,304.3,187.9,505.3,1.0
153,-1,780.0,266.4,203.7,610.3,1.0
153,-1,213.9,311.8,193.0,589.0,1.0
153,-1,673.9,404.9,89.1,227.4,1.0
153,-1,962.9,334.5,105.1,355.0,1.0
153,-1,1045.9,382.0,87.5,231.9,0.997
204,-1,563.8,339.6,168.3,408.4,1.0
204,-1,796.5,284.2,189.2,602.7,1.0
204,-1,1097.7,305.3,206.2,540.2,1.0
204,-1,434.3,393.0,147.0,354.0,1.0
204,-1,999.9,405.0,91.4,226.0,1.0
204,-1,1726.9,386.2,66.0,166.6,0.069
340,-1,810.8,197.4,199.2,551.0,1.0
340,-1,679.5,268.8,135.4,355.2,1.0
340,-1,1150.9,340.8,63.1,186.8,1.0
340,-1,979.5,231.8,131.2,433.2,1.0
340,-1,1230.9,192.0,248.2,668.1,0.999
340,-1,1418.2,8.2,502.8,1072.8,0.998
244,-1,808.5,307.7,191.2,611.8,1.0
244,-1,1116.0,325.0,222.2,592.1,1.0
244,-1,237.7,228.5,314.4,771.1,1.0
244,-1,663.6,395.7,123.7,344.3,1.0
244,-1,60.2,337.5,229.6,636.3,1.0
244,-1,537.7,401.2,121.1,337.2,0.999
244,-1,1007.7,436.7,76.9,223.2,0.999
244,-1,1589.8,971.7,28.4,72.4,0.997
246,-1,1107.7,328.2,221.9,580.9,1.0
246,-1,790.5,317.6,197.6,585.6,1.0
246,-1,650.4,395.9,127.4,346.3,1.0
246,-1,517.1,396.4,121.1,352.0,1.0
246,-1,187.7,239.3,348.6,765.6,1.0
246,-1,1584.4,972.3,28.4,70.9,0.998
246,-1,25.7,340.9,238.5,649.5,0.998
246,-1,998.2,430.2,78.6,221.4,0.997
246,-1,1572.4,972.1,23.4,65.8,0.155
147,-1,1125.8,302.2,199.0,496.3,1.0
147,-1,254.2,328.9,175.1,531.6,1.0
147,-1,782.2,263.8,192.6,623.3,1.0
147,-1,673.2,392.5,83.7,221.4,1.0
147,-1,1688.0,371.2,57.8,137.4,1.0
147,-1,949.6,334.0,107.8,338.8,0.999
147,-1,1044.0,379.0,81.5,226.7,0.997
64,-1,79.9,392.9,243.8,688.1,1.0
64,-1,820.1,337.5,235.1,691.3,1.0
64,-1,445.2,384.6,207.3,651.0,1.0
64,-1,1077.3,410.8,185.0,461.2,1.0
64,-1,744.2,513.2,53.9,144.6,1.0
267,-1,1157.8,327.7,208.8,597.4,1.0
267,-1,825.8,331.3,177.2,571.9,1.0
267,-1,547.9,365.1,181.0,458.7,1.0
267,-1,1604.8,981.8,29.4,70.4,1.0
267,-1,724.3,461.2,49.0,144.7,1.0
267,-1,403.6,379.3,159.1,483.9,1.0
267,-1,1002.1,399.1,129.9,370.7,0.999
267,-1,1783.0,1011.1,38.0,69.9,0.959
267,-1,786.1,444.1,75.5,215.7,0.631
80,-1,326.6,284.6,280.5,796.4,1.0
80,-1,834.2,297.2,220.2,681.3,1.0
80,-1,735.4,463.6,59.6,154.9,1.0
80,-1,1095.3,359.1,170.7,467.0,1.0
329,-1,820.2,171.5,194.2,561.0,1.0
329,-1,1208.8,1.0,369.7,1080.0,1.0
329,-1,713.7,248.6,120.4,333.3,1.0
329,-1,1168.9,306.5,61.9,197.0,0.997
329,-1,978.3,199.2,119.1,425.6,0.997
195,-1,1144.9,293.9,192.2,535.2,1.0
195,-1,793.0,271.9,213.5,603.7,1.0
195,-1,515.8,386.4,144.6,317.6,1.0
195,-1,640.1,333.1,159.9,379.4,1.0
195,-1,1024.8,382.6,94.5,232.9,1.0
209,-1,1087.7,314.7,220.3,540.2,1.0
209,-1,528.3,326.7,192.1,436.0,1.0
209,-1,797.8,296.2,187.8,600.2,1.0
209,-1,395.9,383.7,146.1,374.7,1.0
209,-1,998.0,401.1,89.3,224.6,1.0
209,-1,749.5,404.5,90.2,236.6,0.753
332,-1,1276.2,1.0,379.2,1080.0,1.0
332,-1,826.1,183.0,190.9,563.1,1.0
332,-1,1169.3,322.7,62.0,183.0,1.0
332,-1,705.9,254.3,124.2,331.1,1.0
332,-1,983.6,209.7,128.5,425.2,0.999
237,-1,1151.2,308.4,217.0,583.0,1.0
237,-1,847.8,319.4,183.4,571.9,1.0
237,-1,364.3,269.4,264.6,649.2,1.0
237,-1,193.1,356.1,212.0,544.1,1.0
237,-1,707.0,392.2,119.0,317.0,1.0
237,-1,1030.8,429.0,81.5,218.8,0.999
237,-1,1617.5,963.0,27.9,70.1,0.998
237,-1,602.4,406.7,105.8,301.8,0.997
78,-1,840.1,306.6,217.8,663.5,1.0
78,-1,744.6,471.7,58.6,152.8,1.0
78,-1,357.9,294.7,273.1,786.3,1.0
78,-1,1100.5,369.2,173.1,457.9,1.0
78,-1,4.2,335.7,156.5,745.3,0.117
313,-1,831.0,178.1,182.6,561.9,1.0
313,-1,113.9,1.0,440.3,1080.0,1.0
313,-1,1104.1,156.8,252.2,746.4,1.0
313,-1,730.8,326.1,51.3,148.7,0.999
313,-1,1820.5,924.6,38.1,75.3,0.999
313,-1,987.8,212.7,113.5,434.8,0.999
313,-1,1282.5,168.6,190.7,645.3,0.938
313,-1,774.6,278.3,90.9,282.9,0.233
218,-1,1122.0,308.3,213.0,559.0,1.0
218,-1,780.8,282.3,204.7,617.4,1.0
218,-1,494.9,320.2,205.8,494.9,1.0
218,-1,358.2,389.0,157.7,421.0,1.0
218,-1,1005.5,409.0,87.6,223.0,1.0
14,-1,317.0,267.1,140.7,362.0,1.0
14,-1,853.5,148.8,202.6,648.9,1.0
14,-1,485.3,264.7,116.4,351.6,1.0
14,-1,709.0,321.4,52.8,139.0,1.0
14,-1,774.5,334.7,48.3,120.2,1.0
14,-1,668.1,341.8,42.8,128.4,0.999
14,-1,829.0,341.4,42.7,110.8,0.985
14,-1,1363.6,328.6,51.0,133.0,0.946
200,-1,796.3,282.3,202.1,592.9,1.0
200,-1,1116.1,304.7,205.5,539.8,1.0
200,-1,468.3,391.7,148.9,337.8,1.0
200,-1,599.6,337.5,168.7,400.8,1.0
200,-1,1007.4,393.5,90.4,227.5,1.0
251,-1,774.4,326.0,197.4,585.5,1.0
251,-1,1100.0,332.9,216.8,610.7,1.0
251,-1,620.1,401.4,132.2,354.9,1.0
251,-1,79.9,205.8,385.7,875.2,1.0
251,-1,482.6,404.5,128.5,397.2,1.0
251,-1,1574.1,981.6,29.5,71.8,0.999
251,-1,1750.5,1005.3,43.3,75.7,0.974
229,-1,1179.5,310.1,192.8,570.6,1.0
229,-1,840.8,297.4,198.4,598.9,1.0
229,-1,470.5,306.7,223.4,542.4,1.0
229,-1,1038.6,414.5,86.8,225.5,1.0
229,-1,312.0,365.7,178.8,487.2,1.0
229,-1,740.1,395.8,119.5,297.2,1.0
229,-1,1631.6,947.0,28.0,60.2,0.978
339,-1,822.4,203.5,190.4,550.4,1.0
339,-1,1155.6,339.6,63.7,191.9,1.0
339,-1,682.0,267.7,136.6,353.3,1.0
339,-1,978.7,232.8,133.5,434.7,1.0
339,-1,1235.7,199.1,247.3,655.0,0.999
339,-1,1391.1,1.0,500.9,1080.0,0.999
169,-1,756.1,246.5,212.2,631.5,1.0
169,-1,1084.1,292.9,205.6,515.7,1.0
169,-1,1.0,254.4,250.3,795.8,1.0
169,-1,588.7,391.0,100.2,249.8,1.0
169,-1,672.8,348.9,112.1,300.8,1.0
169,-1,1004.1,376.9,87.0,228.2,1.0
169,-1,1675.6,371.9,55.9,133.6,0.836
196,-1,1141.6,294.4,192.3,534.7,1.0
196,-1,798.7,275.9,204.7,607.6,1.0
196,-1,628.8,339.1,166.1,374.6,1.0
196,-1,511.6,386.8,139.8,322.6,1.0
196,-1,1024.0,384.2,91.3,229.4,1.0
130,-1,1076.9,287.2,189.5,487.2,1.0
130,-1,320.9,327.7,139.0,445.2,1.0
130,-1,713.2,230.9,221.3,660.4,1.0
130,-1,1618.4,367.5,50.0,136.5,1.0
130,-1,937.5,318.0,104.0,346.2,1.0
130,-1,660.5,382.3,70.5,198.1,0.999
76,-1,382.7,296.8,259.9,784.2,1.0
76,-1,836.2,296.9,228.8,682.5,1.0
76,-1,750.5,477.7,57.5,147.5,1.0
76,-1,1105.6,368.2,176.6,451.2,1.0
76,-1,1.0,298.5,192.5,782.5,0.999
410,-1,1085.3,151.6,289.8,800.6,1.0
410,-1,721.2,226.6,183.5,538.7,1.0
410,-1,19.6,109.4,339.3,854.0,1.0
410,-1,340.0,60.6,335.0,932.0,1.0
410,-1,865.4,240.8,128.7,439.4,0.999
410,-1,988.5,344.9,97.7,221.6,0.999
67,-1,55.2,398.1,256.9,682.9,1.0
67,-1,825.7,340.1,230.0,667.9,1.0
67,-1,440.2,372.1,223.2,677.1,1.0
67,-1,1083.5,407.6,195.1,445.8,1.0
67,-1,748.2,500.9,55.8,146.7,1.0
202,-1,796.7,280.4,196.3,600.8,1.0
202,-1,449.3,392.1,152.1,345.8,1.0
202,-1,1106.2,304.1,197.3,537.6,1.0
202,-1,580.7,340.1,172.5,403.5,1.0
202,-1,1002.2,403.1,91.9,224.9,1.0
402,-1,1045.8,142.9,311.0,791.1,1.0
402,-1,402.1,82.1,284.3,803.9,1.0
402,-1,102.3,124.9,299.5,765.7,1.0
402,-1,719.6,213.9,185.5,531.9,1.0
402,-1,853.6,237.6,130.2,449.3,0.998
402,-1,963.7,336.8,90.9,219.5,0.692
90,-1,1032.5,335.1,175.9,462.3,1.0
90,-1,740.6,266.0,227.4,659.4,1.0
90,-1,82.3,159.3,363.6,921.7,1.0
90,-1,665.2,428.8,61.5,164.0,1.0
90,-1,439.4,386.6,94.0,320.0,1.0
90,-1,1253.5,423.8,44.1,120.8,1.0
90,-1,1782.1,423.1,38.4,107.6,0.999
90,-1,1504.3,401.2,48.1,138.0,0.999
90,-1,933.5,351.7,95.2,325.2,0.993
90,-1,724.9,432.6,36.3,142.1,0.105
60,-1,116.9,419.0,237.5,631.0,1.0
60,-1,1069.9,414.5,176.6,447.1,1.0
60,-1,456.0,399.9,193.7,621.9,1.0
60,-1,830.0,343.9,228.0,684.8,1.0
60,-1,739.2,517.1,54.5,145.0,1.0
60,-1,794.8,513.0,37.2,135.7,0.383
232,-1,851.4,297.3,188.9,605.8,1.0
232,-1,1173.2,325.9,203.8,572.7,1.0
232,-1,433.8,287.7,252.3,586.0,1.0
232,-1,277.1,376.6,187.1,494.5,1.0
232,-1,1039.2,418.0,84.6,224.3,1.0
232,-1,725.9,391.6,124.5,315.2,1.0
232,-1,1627.0,956.1,28.1,65.6,0.993
47,-1,269.0,379.1,206.9,525.4,1.0
47,-1,1109.8,385.0,165.6,439.5,1.0
47,-1,905.8,296.7,212.6,683.8,1.0
47,-1,543.1,370.6,150.2,511.7,1.0
47,-1,837.2,456.5,55.9,155.3,1.0
47,-1,786.8,474.2,51.3,138.1,1.0
47,-1,883.7,465.4,32.9,119.9,0.385
316,-1,816.1,171.8,193.8,574.9,1.0
316,-1,1113.1,127.7,271.3,814.5,1.0
316,-1,27.0,1.0,516.2,1080.0,1.0
316,-1,1813.9,924.6,39.1,78.4,0.999
316,-1,722.4,325.8,50.2,143.3,0.999
316,-1,986.9,212.1,112.3,429.4,0.999
316,-1,756.5,269.2,105.0,300.9,0.994
51,-1,215.1,417.2,217.1,550.5,1.0
51,-1,888.7,329.2,209.3,683.1,1.0
51,-1,1085.9,409.9,162.3,441.1,1.0
51,-1,765.0,497.9,52.3,140.7,1.0
51,-1,507.6,386.5,163.1,541.7,1.0
51,-1,813.3,483.5,58.9,152.8,1.0
51,-1,869.3,490.8,42.4,122.4,0.997
306,-1,846.6,183.7,187.5,573.7,1.0
306,-1,265.9,44.1,360.6,965.9,1.0
306,-1,1093.3,195.5,222.8,629.0,1.0
306,-1,1276.6,174.9,204.4,659.9,1.0
306,-1,743.3,324.7,48.0,148.5,1.0
306,-1,1829.3,927.6,39.5,75.7,0.999
306,-1,774.0,286.1,107.5,268.5,0.997
306,-1,998.4,215.8,104.0,421.1,0.909
306,-1,9.9,70.0,186.8,954.5,0.243
444,-1,669.3,207.7,184.1,525.6,1.0
444,-1,1110.1,113.0,336.0,835.4,1.0
444,-1,900.2,222.3,137.9,446.9,1.0
444,-1,580.5,302.5,107.8,259.2,1.0
444,-1,515.7,309.3,63.0,203.1,1.0
444,-1,1010.2,301.8,80.4,244.1,0.208
121,-1,1111.8,290.2,179.5,486.0,1.0
121,-1,758.8,229.8,212.5,655.6,1.0
121,-1,386.0,330.8,122.7,404.0,1.0
121,-1,691.4,390.6,68.3,180.5,1.0
121,-1,1629.6,360.4,56.4,142.2,1.0
121,-1,969.8,331.8,100.6,320.7,1.0
288,-1,1729.5,910.9,36.0,81.0,1.0
288,-1,423.0,157.6,233.8,640.5,1.0
288,-1,153.3,188.5,242.3,661.4,1.0
288,-1,1145.1,190.3,225.2,620.5,1.0
288,-1,996.0,251.7,168.8,470.5,1.0
288,-1,768.0,191.2,191.8,583.4,1.0
288,-1,672.2,341.4,48.6,149.5,1.0
181,-1,1106.1,290.1,209.9,524.5,1.0
181,-1,783.3,264.5,197.1,620.1,1.0
181,-1,556.1,389.2,102.9,279.9,1.0
181,-1,656.9,342.9,144.9,335.5,1.0
181,-1,1013.9,377.1,92.8,228.8,1.0
170,-1,760.1,243.5,202.6,619.9,1.0
170,-1,1081.9,291.4,207.7,517.6,1.0
170,-1,580.4,392.4,103.9,254.6,1.0
170,-1,671.2,343.2,112.5,309.4,1.0
170,-1,1.0,256.6,238.4,787.6,1.0
170,-1,1002.1,376.7,88.5,229.7,0.999
170,-1,1674.3,370.9,56.4,134.4,0.429
253,-1,775.3,331.5,200.1,593.6,1.0
253,-1,1103.0,348.0,222.0,592.6,1.0
253,-1,612.1,401.9,134.6,376.0,1.0
253,-1,60.8,199.1,362.7,881.9,1.0
253,-1,1576.9,983.2,29.0,71.3,1.0
253,-1,471.1,409.2,135.9,400.1,0.999
253,-1,1754.0,1005.5,41.8,75.5,0.992
194,-1,1146.2,284.6,201.0,544.2,1.0
194,-1,794.6,268.9,211.7,600.9,1.0
194,-1,639.2,323.6,162.6,381.3,1.0
194,-1,1029.7,381.8,91.8,229.5,1.0
194,-1,523.9,377.4,146.0,326.9,1.0
423,-1,1104.2,133.0,293.6,829.1,1.0
423,-1,636.6,333.7,93.1,221.3,1.0
423,-1,740.7,208.5,175.8,536.4,1.0
423,-1,889.8,242.7,144.2,437.1,1.0
423,-1,144.6,1.0,479.7,1080.0,1.0
423,-1,1032.9,328.1,95.8,231.9,0.994
423,-1,4.1,28.0,176.8,1001.9,0.201
44,-1,318.3,370.7,185.8,481.8,1.0
44,-1,917.2,278.4,209.2,683.5,1.0
44,-1,564.0,352.4,148.8,500.7,1.0
44,-1,1119.2,361.0,163.1,440.5,1.0
44,-1,805.3,457.1,43.5,139.5,1.0
44,-1,847.7,438.2,57.3,155.4,1.0
165,-1,1095.3,300.2,208.0,516.4,1.0
165,-1,757.9,264.3,212.1,626.2,1.0
165,-1,610.3,395.0,104.3,242.8,1.0
165,-1,44.4,287.8,244.9,716.9,1.0
165,-1,1689.4,377.7,57.2,138.1,1.0
165,-1,1012.6,384.5,87.4,227.8,0.999
165,-1,702.4,358.3,93.3,288.6,0.996
165,-1,928.0,333.3,85.3,349.2,0.418
269,-1,1157.7,322.4,212.3,599.5,1.0
269,-1,833.5,329.3,169.3,578.2,1.0
269,-1,1001.4,394.5,138.2,376.9,1.0
269,-1,721.4,460.3,49.7,143.0,1.0
269,-1,530.8,363.5,192.8,466.8,1.0
269,-1,378.4,379.4,173.2,478.6,0.999
269,-1,1603.8,981.2,28.2,69.7,0.999
269,-1,781.2,436.3,81.4,220.2,0.997
269,-1,1779.2,1011.7,38.4,69.3,0.906
252,-1,773.3,332.1,199.0,583.0,1.0
252,-1,1102.8,349.9,221.5,588.7,1.0
252,-1,615.9,395.1,132.6,376.8,1.0
252,-1,69.9,199.6,376.3,881.4,1.0
252,-1,1574.8,980.1,29.0,72.3,0.999
252,-1,475.9,410.0,131.7,394.1,0.999
252,-1,1753.2,1000.2,41.0,80.8,0.987
41,-1,361.5,356.7,160.0,462.2,1.0
41,-1,919.9,255.4,217.1,703.2,1.0
41,-1,1125.7,332.6,159.9,442.0,1.0
41,-1,584.8,340.7,138.8,478.2,1.0
41,-1,851.6,422.8,58.8,157.9,1.0
41,-1,810.0,443.0,46.4,138.7,1.0
41,-1,910.7,437.2,32.4,110.6,0.08
411,-1,1087.8,158.3,288.6,799.8,1.0
411,-1,337.8,64.5,344.3,940.0,1.0
411,-1,728.3,222.0,188.5,536.5,1.0
411,-1,15.9,94.3,334.7,869.9,1.0
411,-1,871.1,237.7,128.7,439.7,0.999
411,-1,993.8,344.8,103.6,220.4,0.999
38,-1,378.2,346.9,157.2,456.8,1.0
38,-1,912.5,241.8,227.0,681.2,1.0
38,-1,1120.2,323.7,164.3,426.8,1.0
38,-1,586.5,327.1,141.0,461.3,1.0
38,-1,853.7,409.2,53.0,152.0,1.0
38,-1,810.9,425.7,42.6,134.7,0.999
117,-1,1105.4,284.4,184.2,481.4,1.0
117,-1,697.3,385.4,70.3,181.6,1.0
117,-1,769.7,227.5,206.2,641.5,1.0
117,-1,1621.7,360.2,51.1,136.5,1.0
117,-1,973.5,326.8,96.1,325.5,1.0
117,-1,414.8,328.2,110.2,389.9,1.0
265,-1,1153.9,331.8,209.0,599.5,1.0
265,-1,823.6,332.7,176.0,566.9,1.0
265,-1,558.5,385.2,176.0,444.1,1.0
265,-1,1602.3,982.4,30.2,71.3,1.0
265,-1,999.0,408.0,122.4,356.0,1.0
265,-1,416.8,383.1,156.1,471.0,1.0
265,-1,726.3,472.8,46.8,136.0,0.999
265,-1,1783.2,1011.3,36.5,69.7,0.861
265,-1,1.0,130.8,265.8,950.2,0.484
275,-1,1136.7,297.1,219.1,605.3,1.0
275,-1,801.4,301.1,180.3,579.0,1.0
275,-1,314.8,325.1,177.2,535.0,1.0
275,-1,493.2,327.1,206.1,502.0,1.0
275,-1,692.3,434.9,50.4,143.7,1.0
275,-1,1748.0,988.5,42.3,92.5,1.0
275,-1,990.6,375.6,144.5,396.5,1.0
275,-1,1578.1,955.9,27.3,68.3,0.978
275,-1,759.4,412.7,77.9,222.7,0.422
275,-1,1566.5,953.3,24.3,64.0,0.257
82,-1,726.8,459.5,60.8,156.1,1.0
82,-1,822.2,298.3,220.4,671.2,1.0
82,-1,284.4,253.3,293.8,827.7,1.0
82,-1,1093.8,359.1,167.0,461.7,1.0
82,-1,790.4,445.0,50.9,164.0,0.097
353,-1,1153.8,146.0,293.7,700.9,1.0
353,-1,586.9,232.6,148.8,406.0,1.0
353,-1,788.1,191.6,191.0,538.0,1.0
353,-1,1066.4,321.7,76.2,192.9,0.999
353,-1,947.2,217.1,125.3,440.7,0.999
71,-1,828.4,328.2,235.7,673.0,1.0
71,-1,1105.3,385.5,183.5,461.3,1.0
71,-1,5.8,370.3,259.6,710.7,1.0
71,-1,424.5,342.7,245.1,733.7,1.0
71,-1,756.1,486.2,53.9,148.8,1.0
292,-1,103.4,150.2,265.7,712.9,1.0
292,-1,399.9,149.1,260.3,665.5,1.0
292,-1,1177.2,176.6,226.7,615.8,1.0
292,-1,1024.5,234.3,170.2,503.4,1.0
292,-1,1751.8,896.7,37.4,78.2,1.0
292,-1,792.4,182.4,187.3,562.9,1.0
292,-1,690.5,325.9,49.7,142.0,0.998
292,-1,737.2,285.4,95.0,262.0,0.99
164,-1,1107.4,305.5,198.6,514.6,1.0
164,-1,63.8,280.5,237.0,719.0,1.0
164,-1,758.1,268.4,212.0,620.0,1.0
164,-1,620.0,390.4,99.2,247.1,1.0
164,-1,1692.7,380.6,56.4,134.2,0.999
164,-1,1020.0,387.0,84.2,223.2,0.999
164,-1,927.4,327.3,94.6,364.4,0.857
164,-1,711.9,365.5,85.7,274.0,0.731
300,-1,349.1,95.7,312.9,816.1,1.0
300,-1,849.0,183.7,183.3,559.3,1.0
300,-1,1073.6,197.1,196.9,590.4,1.0
300,-1,1257.7,168.6,212.5,655.3,1.0
300,-1,4.8,98.0,313.2,878.7,1.0
300,-1,734.3,318.8,51.3,146.0,1.0
300,-1,772.8,280.5,100.5,276.4,0.999
300,-1,1816.4,910.0,37.6,78.5,0.875
300,-1,1754.1,914.7,30.9,70.0,0.246
300,-1,1783.3,912.7,29.3,69.3,0.208
380,-1,1117.5,152.5,248.6,761.6,1.0
380,-1,540.6,177.6,206.6,592.6,1.0
380,-1,774.6,215.3,178.2,541.3,1.0
380,-1,374.8,215.2,191.1,546.6,1.0
380,-1,986.5,343.6,86.9,204.8,0.999
308,-1,834.7,195.4,193.9,553.3,1.0
308,-1,233.7,35.8,367.8,1044.4,1.0
308,-1,1095.0,180.2,226.4,680.2,1.0
308,-1,741.2,330.3,50.5,145.8,1.0
308,-1,1276.5,168.9,207.7,662.5,1.0
308,-1,1830.9,928.2,37.7,72.9,0.999
308,-1,996.2,214.7,107.8,426.7,0.992
308,-1,777.7,287.9,98.8,270.7,0.863
404,-1,1060.0,157.4,294.8,772.2,1.0
404,-1,381.5,86.0,309.8,827.9,1.0
404,-1,722.5,213.7,181.3,528.8,1.0
404,-1,78.9,130.8,299.3,799.8,1.0
404,-1,853.1,240.9,130.5,443.0,0.999
404,-1,966.5,339.9,101.0,223.4,0.992
348,-1,1192.0,139.9,261.5,703.3,1.0
348,-1,793.1,192.7,192.9,547.4,1.0
348,-1,628.7,244.6,143.6,379.3,1.0
348,-1,1103.6,327.4,69.1,186.1,0.999
348,-1,964.1,218.4,130.7,443.0,0.998
59,-1,128.4,425.4,240.3,609.3,1.0
59,-1,463.6,404.1,188.1,609.1,1.0
59,-1,1072.7,418.1,166.1,447.8,1.0
59,-1,844.8,346.6,213.3,670.5,1.0
59,-1,743.1,518.8,53.5,140.6,1.0
59,-1,800.9,499.8,51.2,156.3,0.998
282,-1,1716.2,943.6,35.4,85.4,1.0
282,-1,453.1,247.0,217.8,565.6,1.0
282,-1,1114.0,248.4,231.2,602.9,1.0
282,-1,759.5,241.3,184.1,567.5,1.0
282,-1,228.1,259.1,203.6,590.8,1.0
282,-1,977.6,309.9,151.7,426.1,1.0
282,-1,664.5,387.4,49.5,147.2,1.0
248,-1,774.6,326.5,204.4,577.7,1.0
248,-1,1102.2,336.6,223.5,578.9,1.0
248,-1,638.1,402.9,125.7,350.7,1.0
248,-1,145.4,234.9,359.5,798.7,1.0
248,-1,1576.9,978.6,28.9,71.5,1.0
248,-1,504.9,396.7,124.8,369.8,0.999
248,-1,7.3,324.5,210.6,727.7,0.991
248,-1,992.2,434.1,66.7,226.0,0.886
248,-1,1745.2,1002.8,35.3,78.2,0.396
440,-1,1094.6,135.8,329.1,820.0,1.0
440,-1,666.4,197.3,173.6,525.4,1.0
440,-1,879.9,221.2,138.5,443.4,1.0
440,-1,508.9,304.8,61.5,202.3,1.0
440,-1,581.5,303.9,102.5,247.8,1.0
440,-1,1.0,1.0,328.3,1080.0,0.784
440,-1,997.1,309.6,87.3,234.4,0.437
390,-1,1063.2,154.3,299.2,763.2,1.0
390,-1,483.6,153.7,231.9,660.7,1.0
390,-1,770.3,218.2,177.8,538.6,1.0
390,-1,281.5,175.9,225.4,608.7,1.0
390,-1,974.6,344.7,90.8,209.9,1.0
390,-1,714.8,316.4,79.6,221.1,0.982
356,-1,1142.8,162.1,276.4,696.7,1.0
356,-1,554.8,232.6,146.9,415.7,1.0
356,-1,782.2,188.7,181.8,539.5,1.0
356,-1,1042.0,320.7,77.9,188.4,0.999
356,-1,934.2,212.2,121.4,444.8,0.998
356,-1,712.0,216.4,126.3,434.9,0.979
280,-1,463.2,279.2,212.0,543.1,1.0
280,-1,760.8,257.9,190.3,571.4,1.0
280,-1,1720.2,959.6,36.0,95.1,1.0
280,-1,1112.8,265.4,234.4,597.5,1.0
280,-1,246.9,269.5,203.3,592.8,1.0
280,-1,976.2,330.5,151.1,417.8,1.0
280,-1,667.1,403.1,51.6,146.2,1.0
321,-1,1131.3,92.3,295.4,938.8,1.0
321,-1,804.0,168.5,212.8,564.8,1.0
321,-1,974.3,205.9,118.8,416.8,0.999
321,-1,735.3,252.0,115.1,308.1,0.999
321,-1,1.0,1.0,434.5,1080.0,0.9
321,-1,714.1,315.8,42.9,149.9,0.699
201,-1,793.9,281.6,202.6,599.7,1.0
201,-1,1110.0,306.3,203.6,542.7,1.0
201,-1,461.2,394.5,147.4,337.4,1.0
201,-1,588.5,340.8,168.7,401.0,1.0
201,-1,1005.2,398.4,90.7,225.3,1.0
62,-1,102.1,403.1,238.4,665.9,1.0
62,-1,453.8,396.0,192.9,640.7,1.0
62,-1,1071.0,415.5,179.7,451.6,1.0
62,-1,821.5,340.6,230.8,689.3,1.0
62,-1,738.0,514.5,55.8,146.7,1.0
374,-1,1101.1,150.1,264.9,733.2,1.0
374,-1,761.3,201.7,178.6,552.3,1.0
374,-1,563.4,186.0,185.0,532.9,1.0
374,-1,400.3,218.8,194.3,498.4,1.0
374,-1,974.0,328.1,88.3,201.6,0.999
257,-1,1126.0,344.0,214.5,579.9,1.0
257,-1,787.5,347.7,201.7,581.8,1.0
257,-1,459.5,412.4,148.0,411.0,1.0
257,-1,595.2,399.4,152.0,400.8,1.0
257,-1,1587.1,985.2,28.4,66.1,1.0
257,-1,9.9,188.2,381.7,892.8,1.0
257,-1,1767.1,1005.4,40.1,75.6,0.974
257,-1,1566.2,982.4,20.4,57.2,0.226
259,-1,1132.9,349.6,221.2,588.5,1.0
259,-1,793.3,348.5,206.7,579.7,1.0
259,-1,586.2,408.3,160.2,401.2,1.0
259,-1,1594.9,984.0,28.3,70.5,1.0
259,-1,452.4,410.2,147.3,420.6,1.0
259,-1,1.0,175.1,370.9,905.9,0.999
259,-1,1775.1,1009.8,41.3,71.2,0.981
259,-1,982.4,422.6,110.2,350.4,0.763
105,-1,738.2,241.9,211.6,659.3,1.0
105,-1,666.5,409.2,63.9,167.7,1.0
105,-1,1049.9,313.0,201.5,473.5,1.0
105,-1,413.3,362.7,102.7,350.9,1.0
105,-1,1819.2,395.4,38.7,110.5,1.0
105,-1,937.5,329.4,96.0,335.8,1.0
105,-1,1252.2,399.8,46.7,121.3,1.0
105,-1,1546.7,378.2,47.8,133.1,1.0
105,-1,1306.7,416.3,25.5,105.8,0.108
113,-1,690.2,389.0,71.4,179.8,1.0
113,-1,770.0,224.7,211.4,654.2,1.0
113,-1,1089.8,290.5,190.2,474.6,1.0
113,-1,423.4,340.1,105.7,383.4,1.0
113,-1,1287.4,388.4,49.5,126.3,1.0
113,-1,967.0,324.2,95.6,329.5,1.0
113,-1,1602.5,363.2,51.5,139.7,1.0
221,-1,800.3,296.8,200.3,593.9,1.0
221,-1,1142.1,313.6,209.6,548.9,1.0
221,-1,495.3,327.6,205.5,490.5,1.0
221,-1,344.1,391.4,177.4,427.5,1.0
221,-1,1015.6,413.5,86.9,220.9,1.0
184,-1,1127.7,285.9,209.7,521.7,1.0
184,-1,785.3,268.0,205.3,606.2,1.0
184,-1,662.8,344.6,142.4,324.9,1.0
184,-1,556.9,392.5,110.7,284.5,1.0
184,-1,1024.0,376.3,90.2,226.9,0.999
160,-1,1133.9,302.7,191.9,515.3,1.0
160,-1,766.6,258.2,209.1,632.4,1.0
160,-1,649.9,397.0,97.1,241.8,1.0
160,-1,126.8,290.2,222.7,653.1,1.0
160,-1,943.3,338.2,109.2,339.8,0.999
160,-1,1037.7,382.8,82.3,231.8,0.999
160,-1,1710.6,382.2,56.4,131.8,0.128
434,-1,683.3,206.8,175.7,526.4,1.0
434,-1,1063.0,126.5,339.9,851.4,1.0
434,-1,885.3,227.6,133.9,441.5,1.0
434,-1,594.0,323.3,94.7,227.7,1.0
434,-1,516.3,316.9,61.9,194.9,0.999
434,-1,1.0,1.0,475.5,1080.0,0.999
437,-1,667.5,190.0,179.3,543.3,1.0
437,-1,1060.1,126.7,355.4,830.7,1.0
437,-1,885.3,222.3,136.3,443.2,1.0
437,-1,511.0,310.9,64.3,197.7,1.0
437,-1,589.8,314.5,96.9,241.3,0.999
437,-1,1.0,1.0,427.4,1080.0,0.672
435,-1,1057.9,128.7,357.1,832.0,1.0
435,-1,679.7,201.0,176.1,538.8,1.0
435,-1,885.9,225.1,135.3,440.3,1.0
435,-1,594.3,324.4,94.3,234.6,1.0
435,-1,514.5,314.6,62.0,198.1,1.0
435,-1,1.0,1.0,473.1,1080.0,0.985
305,-1,853.2,176.6,183.5,577.1,1.0
305,-1,1094.9,196.4,214.4,616.3,1.0
305,-1,282.8,60.1,349.6,926.6,1.0
305,-1,1273.3,178.0,210.6,655.9,1.0
305,-1,742.6,322.7,48.4,146.6,1.0
305,-1,776.8,284.5,104.5,270.3,0.998
305,-1,8.4,44.5,212.6,1006.3,0.996
305,-1,1818.6,921.0,50.4,80.9,0.754
305,-1,1002.0,214.9,94.5,423.3,0.339
124,-1,1100.8,293.8,178.1,479.1,1.0
124,-1,364.0,329.3,129.2,416.8,1.0
124,-1,743.8,223.3,215.3,664.0,1.0
124,-1,1625.8,366.8,51.4,136.3,1.0
124,-1,966.0,326.9,97.4,331.7,1.0
124,-1,682.9,385.0,71.4,189.2,0.998
449,-1,694.0,204.0,183.3,526.1,1.0
449,-1,1144.8,134.8,321.2,829.4,1.0
449,-1,925.8,224.4,137.4,442.1,1.0
449,-1,591.9,307.6,112.6,260.4,1.0
449,-1,540.5,312.4,64.5,204.3,1.0
449,-1,1100.7,309.7,78.1,241.7,0.994
449,-1,1036.6,302.4,74.5,247.1,0.124
449,-1,852.4,287.8,76.6,251.5,0.119
442,-1,668.0,198.7,173.3,524.4,1.0
442,-1,1095.9,115.0,341.1,836.2,1.0
442,-1,888.6,218.6,136.6,450.7,1.0
442,-1,508.4,310.2,64.7,200.8,1.0
442,-1,581.5,306.9,102.5,249.5,1.0
442,-1,1.0,1.0,278.3,1080.0,0.307
442,-1,1008.1,307.7,75.6,235.7,0.055
185,-1,1132.6,278.4,204.9,540.5,1.0
185,-1,791.6,244.2,202.0,626.0,1.0
185,-1,666.2,336.7,141.4,342.6,1.0
185,-1,556.3,393.0,111.9,283.2,1.0
185,-1,1025.5,376.8,91.6,223.8,1.0
261,-1,810.9,345.9,190.8,575.0,1.0
261,-1,1144.1,341.9,206.7,583.4,1.0
261,-1,439.8,405.4,152.6,437.2,1.0
261,-1,575.2,407.8,170.5,410.7,1.0
261,-1,1597.9,982.8,28.4,73.2,1.0
261,-1,1.0,144.3,350.2,936.7,0.999
261,-1,984.1,419.6,116.8,352.0,0.997
261,-1,1778.0,1011.8,36.7,69.2,0.947
261,-1,728.5,472.8,38.9,143.9,0.139
174,-1,1082.7,286.9,206.4,521.1,1.0
174,-1,763.7,250.7,203.1,623.1,1.0
174,-1,560.5,379.8,104.5,270.5,1.0
174,-1,659.1,344.1,123.0,301.0,1.0
174,-1,2.0,219.8,185.8,842.3,1.0
174,-1,1002.8,374.2,85.5,228.0,0.999
46,-1,289.5,371.6,198.5,515.4,1.0
46,-1,1116.3,377.2,164.4,438.0,1.0
46,-1,915.0,289.4,209.6,684.5,1.0
46,-1,547.0,359.3,154.2,517.5,1.0
46,-1,840.3,452.6,57.1,153.3,1.0
46,-1,792.7,469.7,48.1,135.1,1.0
46,-1,891.0,458.1,31.7,126.7,0.17
264,-1,1149.6,340.8,210.1,597.6,1.0
264,-1,817.9,337.5,181.2,560.5,1.0
264,-1,559.2,400.9,180.3,435.4,1.0
264,-1,1601.5,982.3,29.7,70.8,1.0
264,-1,421.5,389.1,156.7,465.5,1.0
264,-1,997.5,418.5,118.6,342.4,0.999
264,-1,728.0,474.3,44.9,137.9,0.996
264,-1,1.0,130.6,271.1,950.4,0.989
264,-1,1781.5,1014.5,37.9,66.5,0.915
260,-1,800.6,343.0,196.4,581.7,1.0
260,-1,1141.3,350.7,210.7,597.7,1.0
260,-1,579.9,403.2,166.7,414.3,1.0
260,-1,448.3,406.4,146.7,426.9,1.0
260,-1,1596.5,985.9,28.8,72.1,1.0
260,-1,1.0,187.0,362.6,894.0,1.0
260,-1,985.7,423.0,107.4,349.0,0.982
260,-1,1774.2,1013.9,41.6,67.1,0.972
102,-1,1029.3,315.3,188.7,469.6,1.0
102,-1,703.7,243.8,226.2,678.2,1.0
102,-1,637.5,414.5,65.7,167.4,1.0
102,-1,388.5,364.4,99.1,344.9,1.0
102,-1,918.3,350.4,100.8,311.4,1.0
102,-1,1509.5,379.7,48.8,138.3,1.0
102,-1,1229.3,404.8,48.1,121.5,1.0
102,-1,1784.0,402.9,39.3,106.8,0.999
304,-1,1095.0,197.8,207.6,604.0,1.0
304,-1,304.5,58.2,329.1,909.1,1.0
304,-1,1272.4,176.7,211.6,654.5,1.0
304,-1,846.9,179.6,188.6,570.4,1.0
304,-1,1.0,59.9,241.1,967.6,1.0
304,-1,739.7,319.2,50.5,148.6,1.0
304,-1,777.0,283.4,104.2,268.6,0.999
304,-1,1811.5,924.0,53.7,80.2,0.677
398,-1,1043.1,149.2,306.5,798.4,1.0
398,-1,426.9,113.9,265.2,734.4,1.0
398,-1,737.5,215.7,192.8,539.7,1.0
398,-1,156.5,170.1,282.9,698.7,1.0
398,-1,968.5,339.6,92.3,219.3,0.558
398,-1,692.4,303.8,91.5,231.0,0.469
107,-1,1074.1,298.9,187.1,477.7,1.0
107,-1,750.9,232.4,214.2,677.9,1.0
107,-1,678.5,402.6,69.8,174.4,1.0
107,-1,424.8,352.0,101.9,365.3,1.0
107,-1,1263.4,394.2,46.3,125.5,1.0
107,-1,1564.7,371.0,48.8,138.0,1.0
107,-1,947.9,323.8,98.7,339.1,1.0
107,-1,1843.0,390.3,39.1,109.4,1.0
322,-1,1137.4,73.6,313.3,977.3,1.0
322,-1,810.3,167.5,201.2,566.6,1.0
322,-1,730.9,259.4,114.3,311.6,0.999
322,-1,976.8,198.2,121.7,418.8,0.999
322,-1,709.8,312.2,43.9,149.4,0.825
322,-1,15.9,1.0,387.9,1080.0,0.746
135,-1,1077.2,293.3,186.2,487.1,1.0
135,-1,722.7,236.8,210.4,641.6,1.0
135,-1,297.5,327.2,144.1,467.2,1.0
135,-1,1619.9,363.3,56.6,139.5,1.0
135,-1,653.3,390.4,75.7,205.5,1.0
135,-1,923.5,321.2,105.8,336.2,1.0
135,-1,1017.8,357.6,72.9,248.2,0.45
180,-1,1103.5,284.2,205.7,525.3,1.0
180,-1,773.5,259.8,208.2,629.1,1.0
180,-1,554.2,384.8,105.3,281.9,1.0
180,-1,654.4,345.1,147.2,331.5,1.0
180,-1,1010.1,376.1,92.4,229.5,1.0
122,-1,1109.2,290.5,179.5,486.7,1.0
122,-1,750.2,223.1,217.8,654.3,1.0
122,-1,377.6,329.0,127.0,406.7,1.0
122,-1,1628.4,361.8,56.3,139.5,1.0
122,-1,968.5,326.3,99.8,327.6,1.0
122,-1,688.2,387.5,71.2,185.3,0.999
106,-1,741.7,238.2,217.8,666.5,1.0
106,-1,1059.3,308.0,197.6,473.0,1.0
106,-1,671.9,404.2,66.1,171.5,1.0
106,-1,417.4,357.0,103.3,359.5,1.0
106,-1,1257.1,394.8,49.1,125.6,1.0
106,-1,1828.7,391.9,41.3,109.8,1.0
106,-1,1554.9,371.4,49.5,140.7,1.0
106,-1,943.4,327.8,97.2,337.8,1.0
320,-1,814.7,174.9,198.4,557.0,1.0
320,-1,1123.9,105.5,291.7,914.1,1.0
320,-1,974.9,208.7,118.7,418.3,0.999
320,-1,713.1,312.5,46.6,155.4,0.997
320,-1,743.8,260.4,108.3,303.0,0.997
320,-1,3.3,1.0,483.5,1080.0,0.99
320,-1,1812.9,917.3,31.0,78.7,0.127
382,-1,1110.8,156.3,251.4,757.2,1.0
382,-1,526.9,179.7,214.6,591.9,1.0
382,-1,770.8,220.1,190.6,548.1,1.0
382,-1,361.0,216.0,190.7,561.7,1.0
382,-1,983.7,343.7,91.3,212.6,0.999
382,-1,735.7,322.1,66.0,215.8,0.157
224,-1,1163.3,307.4,198.7,570.1,1.0
224,-1,817.9,298.3,198.6,596.9,1.0
224,-1,490.6,302.5,210.9,525.7,1.0
224,-1,342.4,378.7,174.7,447.0,1.0
224,-1,1028.1,414.4,87.0,228.2,0.999
224,-1,746.9,391.7,102.9,285.1,0.98
408,-1,1063.9,148.4,294.7,803.7,1.0
408,-1,44.1,114.0,317.5,832.4,1.0
408,-1,723.0,216.1,178.2,535.6,1.0
408,-1,348.2,46.1,332.8,923.8,1.0
408,-1,975.7,339.8,101.1,223.9,0.999
408,-1,855.4,235.3,132.8,455.9,0.998
227,-1,832.8,300.7,199.6,592.4,1.0
227,-1,1173.4,320.8,202.4,562.9,1.0
227,-1,488.4,292.0,211.3,549.2,1.0
227,-1,324.2,362.8,183.6,471.8,1.0
227,-1,1037.1,412.4,86.5,230.4,1.0
227,-1,745.8,396.0,113.7,288.1,0.999
133,-1,718.6,237.6,212.9,643.5,1.0
133,-1,1078.7,288.2,183.8,488.5,1.0
133,-1,303.8,331.1,144.4,451.0,1.0
133,-1,1618.0,364.4,53.6,138.7,1.0
133,-1,657.5,385.8,71.3,198.6,1.0
133,-1,930.3,325.9,105.4,330.7,1.0
133,-1,1012.1,365.8,72.7,234.0,0.157
115,-1,1105.3,286.7,182.3,473.7,1.0
115,-1,696.3,389.1,68.0,180.1,1.0
115,-1,772.1,236.5,210.6,654.2,1.0
115,-1,417.9,341.9,110.4,370.8,1.0
115,-1,974.0,325.0,95.8,328.1,1.0
115,-1,1613.1,363.3,49.2,134.8,1.0
115,-1,1291.1,385.6,46.9,121.8,1.0
274,-1,1143.1,303.2,217.1,600.2,1.0
274,-1,510.4,317.1,198.3,515.8,1.0
274,-1,803.4,301.2,185.0,587.9,1.0
274,-1,323.1,337.1,181.8,522.0,1.0
274,-1,700.1,442.9,48.7,143.0,1.0
274,-1,994.1,382.6,142.9,391.2,1.0
274,-1,1756.4,990.7,39.9,90.3,1.0
274,-1,1582.7,960.9,27.4,72.2,0.971
274,-1,761.8,416.9,82.6,223.8,0.802
447,-1,679.7,203.6,185.1,528.5,1.0
447,-1,1122.0,131.7,329.8,832.0,1.0
447,-1,910.8,221.2,137.7,433.0,1.0
447,-1,581.4,301.3,111.2,262.9,1.0
447,-1,527.5,310.2,64.6,203.8,1.0
447,-1,1019.2,303.1,82.8,246.1,0.598
447,-1,1083.1,311.5,78.8,238.4,0.141
234,-1,1165.9,313.9,202.9,578.2,1.0
234,-1,846.7,301.7,189.8,597.3,1.0
234,-1,400.5,278.4,260.6,616.0,1.0
234,-1,242.8,368.7,196.6,518.6,1.0
234,-1,719.0,391.0,121.7,313.2,1.0
234,-1,1036.2,418.7,83.5,228.3,1.0
234,-1,1624.0,959.5,27.0,68.9,0.993
273,-1,1148.9,307.9,213.6,592.3,1.0
273,-1,515.9,328.1,190.1,509.7,1.0
273,-1,817.6,312.1,173.1,578.6,1.0
273,-1,343.2,336.4,171.4,521.5,1.0
273,-1,1762.8,997.5,39.3,83.5,1.0
273,-1,1000.7,382.9,140.4,395.3,1.0
273,-1,707.0,450.0,47.6,141.4,1.0
273,-1,765.9,417.7,87.2,225.7,0.996
273,-1,1588.9,967.0,28.2,70.7,0.985
360,-1,1113.0,148.0,280.5,720.9,1.0
360,-1,520.4,227.6,148.1,433.0,1.0
360,-1,777.5,181.2,173.7,549.8,1.0
360,-1,666.8,196.0,156.5,463.8,0.999
360,-1,1008.5,319.9,77.7,194.9,0.998
360,-1,905.8,216.6,121.0,443.5,0.997
118,-1,1103.0,289.1,191.0,476.7,1.0
118,-1,695.5,385.8,69.3,182.5,1.0
118,-1,766.3,225.7,208.9,648.4,1.0
118,-1,410.7,340.8,110.5,377.3,1.0
118,-1,974.5,330.6,96.1,321.0,1.0
118,-1,1623.9,359.9,51.8,138.2,1.0
445,-1,671.3,199.7,185.5,522.8,1.0
445,-1,1113.2,120.6,323.0,820.0,1.0
445,-1,580.0,300.6,108.1,263.4,1.0
445,-1,903.9,220.7,136.5,451.5,1.0
445,-1,517.1,313.0,64.9,197.8,1.0
445,-1,1012.6,300.4,86.3,249.9,0.219
445,-1,1067.5,300.9,80.3,246.2,0.076
403,-1,1057.1,147.9,295.4,792.3,1.0
403,-1,394.0,75.5,291.8,825.2,1.0
403,-1,95.4,143.9,296.3,765.5,1.0
403,-1,718.6,212.1,186.4,540.6,1.0
403,-1,852.4,237.0,133.1,451.3,0.998
403,-1,965.3,333.9,93.7,222.7,0.88
63,-1,89.5,401.4,245.4,679.6,1.0
63,-1,1077.5,412.4,176.5,460.7,1.0
63,-1,740.5,515.1,53.4,143.3,1.0
63,-1,453.3,397.6,194.1,627.3,1.0
63,-1,822.4,343.9,230.2,685.0,1.0
94,-1,714.2,237.6,224.9,678.3,1.0
94,-1,1017.7,307.8,177.8,465.4,1.0
94,-1,4.7,98.8,381.8,982.2,1.0
94,-1,410.3,374.7,98.7,326.7,1.0
94,-1,1766.9,408.1,39.5,106.7,1.0
94,-1,643.6,420.5,61.5,159.0,1.0
94,-1,1490.7,386.7,50.4,141.5,0.999
94,-1,1261.5,419.9,36.8,112.0,0.999
94,-1,910.9,344.7,95.4,321.6,0.998
94,-1,1240.8,421.2,31.5,106.1,0.543
22,-1,321.6,285.7,153.4,393.9,1.0
22,-1,690.0,358.5,47.9,136.5,1.0
22,-1,498.0,275.1,130.5,404.4,1.0
22,-1,736.8,345.9,52.7,139.2,1.0
22,-1,845.0,164.6,227.5,676.3,1.0
22,-1,802.8,354.4,48.6,123.1,1.0
22,-1,1021.2,248.2,118.8,427.9,0.99
387,-1,495.4,167.3,229.9,662.1,1.0
387,-1,1087.5,160.2,271.7,771.0,1.0
387,-1,767.8,221.6,189.7,537.9,1.0
387,-1,325.2,182.7,203.9,595.6,1.0
387,-1,977.6,344.7,91.6,212.2,1.0
387,-1,723.2,316.4,79.2,215.9,0.989
142,-1,1096.6,303.0,199.0,495.1,1.0
142,-1,748.2,249.1,201.0,633.0,1.0
142,-1,656.5,393.2,88.4,215.2,1.0
142,-1,267.9,319.2,167.7,514.9,1.0
142,-1,1654.4,364.8,54.6,137.7,1.0
142,-1,934.9,330.4,102.5,339.0,0.999
142,-1,1028.1,370.7,83.6,225.3,0.994
93,-1,1021.2,316.2,178.1,456.3,1.0
93,-1,717.7,241.0,228.8,678.5,1.0
93,-1,12.1,97.6,390.1,983.4,1.0
93,-1,649.1,422.2,59.4,158.7,1.0
93,-1,417.4,377.3,97.8,321.8,1.0
93,-1,1493.1,386.9,49.5,141.4,1.0
93,-1,1770.9,411.3,37.8,106.6,0.999
93,-1,1265.1,421.8,36.7,111.0,0.998
93,-1,914.0,339.3,94.8,332.1,0.996
93,-1,1241.4,425.1,31.6,103.0,0.292
93,-1,1795.9,420.4,28.2,99.6,0.107
31,-1,397.7,319.1,146.8,419.7,1.0
31,-1,574.8,310.3,140.8,419.2,1.0
31,-1,885.7,190.3,234.6,680.5,1.0
31,-1,829.6,371.2,50.4,150.8,1.0
31,-1,783.4,390.0,44.8,129.6,1.0
31,-1,1086.4,288.3,173.5,431.9,1.0
31,-1,1803.1,374.6,30.3,114.7,0.994
31,-1,1509.3,358.3,52.8,141.1,0.761
182,-1,1116.1,285.5,205.9,527.3,1.0
182,-1,779.8,259.0,198.2,603.1,1.0
182,-1,557.0,388.6,105.8,283.3,1.0
182,-1,660.1,349.8,143.2,320.2,1.0
182,-1,1016.9,377.4,92.4,226.2,1.0
88,-1,768.3,279.9,225.3,658.6,1.0
88,-1,1039.7,343.5,177.2,460.3,1.0
88,-1,135.9,193.0,344.9,888.0,1.0
88,-1,682.1,440.4,56.6,155.8,1.0
88,-1,1794.0,433.0,38.3,108.6,1.0
88,-1,455.9,399.5,94.0,307.2,0.999
88,-1,947.0,364.3,95.0,321.4,0.999
88,-1,1517.1,410.7,48.2,139.8,0.998
88,-1,1282.2,432.1,32.6,125.3,0.533
373,-1,1097.7,152.7,266.5,720.8,1.0
373,-1,761.7,196.2,173.0,559.8,1.0
373,-1,566.7,193.5,188.1,538.4,1.0
373,-1,410.9,216.7,181.7,500.7,1.0
373,-1,972.5,327.8,86.9,198.5,0.999
100,-1,1017.1,313.4,193.5,464.5,1.0
100,-1,696.6,246.2,228.8,674.6,1.0
100,-1,630.9,415.5,64.6,166.0,1.0
100,-1,1224.9,407.9,45.4,122.3,1.0
100,-1,389.4,370.7,99.9,336.7,1.0
100,-1,907.8,342.5,94.3,334.1,1.0
100,-1,1768.4,405.8,39.3,106.0,1.0
100,-1,1496.6,383.6,47.3,137.3,1.0
100,-1,3.6,154.2,268.7,926.8,0.102
389,-1,487.3,168.2,231.7,650.4,1.0
389,-1,1075.0,174.9,281.5,741.1,1.0
389,-1,767.8,222.7,185.7,541.2,1.0
389,-1,301.6,177.7,214.9,607.9,1.0
389,-1,976.4,343.1,90.1,214.0,0.999
389,-1,719.3,315.1,79.9,216.6,0.988
73,-1,1108.3,381.2,182.8,450.3,1.0
73,-1,832.4,317.0,231.0,655.1,1.0
73,-1,408.1,296.8,257.7,784.2,1.0
73,-1,754.8,481.2,54.5,150.7,1.0
73,-1,1.0,347.9,237.9,733.1,1.0
207,-1,1091.2,311.5,210.9,542.0,1.0
207,-1,542.8,329.3,183.7,428.9,1.0
207,-1,793.2,289.1,191.8,603.0,1.0
207,-1,410.5,389.1,142.9,367.7,1.0
207,-1,1000.4,404.5,88.4,228.0,1.0
331,-1,1260.9,1.0,368.0,1080.0,1.0
331,-1,829.6,168.4,182.7,567.0,1.0
331,-1,706.3,252.2,123.1,332.8,1.0
331,-1,1171.4,318.2,60.8,186.3,0.999
331,-1,976.9,199.2,128.3,442.8,0.999
331,-1,1231.0,415.9,92.7,192.2,0.183
5,-1,373.1,269.3,120.0,329.8,1.0
5,-1,876.2,151.1,208.7,629.8,1.0
5,-1,687.9,330.4,42.7,136.0,1.0
5,-1,523.1,263.9,107.1,328.4,1.0
5,-1,729.7,316.4,52.4,135.7,1.0
5,-1,788.6,331.4,41.0,116.3,0.999
5,-1,3.7,1.0,300.6,1080.0,0.992
349,-1,1179.5,145.7,275.3,686.8,1.0
349,-1,796.2,194.4,188.4,549.7,1.0
349,-1,614.9,242.4,153.9,380.5,1.0
349,-1,961.2,224.0,130.4,430.2,1.0
349,-1,1094.3,323.9,72.8,188.3,0.999
89,-1,103.6,166.9,360.4,914.1,1.0
89,-1,750.5,271.6,227.4,659.1,1.0
89,-1,1037.6,337.6,173.2,461.3,1.0
89,-1,673.4,434.0,61.5,158.5,1.0
89,-1,445.8,392.3,92.4,315.5,1.0
89,-1,1509.4,404.8,48.7,138.3,0.999
89,-1,1787.5,426.0,37.9,108.7,0.999
89,-1,935.4,356.7,97.7,328.3,0.999
89,-1,1260.8,426.7,40.7,125.8,0.902
89,-1,729.8,439.4,32.2,123.5,0.455
338,-1,823.8,205.7,186.4,553.0,1.0
338,-1,1156.9,336.4,64.9,193.4,1.0
338,-1,1371.7,1.8,519.5,1079.2,1.0
338,-1,689.1,270.0,132.6,341.4,1.0
338,-1,981.6,232.0,131.2,433.5,1.0
338,-1,1236.1,171.0,242.3,696.9,0.996
421,-1,1114.6,161.8,290.6,793.2,1.0
421,-1,744.7,210.4,176.7,537.1,1.0
421,-1,637.7,336.5,93.4,211.8,1.0
421,-1,190.2,1.0,443.6,1080.0,1.0
421,-1,891.6,237.8,138.9,448.4,0.999
421,-1,1031.1,329.9,97.4,231.9,0.999
421,-1,1.0,1.0,202.5,1055.4,0.947
13,-1,322.5,264.1,136.3,362.4,1.0
13,-1,488.1,263.6,114.6,355.0,1.0
13,-1,856.7,146.9,205.6,650.1,1.0
13,-1,710.4,321.8,52.5,136.6,1.0
13,-1,776.3,335.8,45.5,117.1,1.0
13,-1,669.9,339.9,44.0,129.7,0.998
13,-1,827.6,337.9,47.5,116.5,0.998
13,-1,1363.3,327.9,49.3,136.9,0.375
101,-1,1021.3,317.2,197.6,467.2,1.0
101,-1,701.7,245.2,223.9,664.8,1.0
101,-1,632.7,414.5,65.4,166.5,1.0
101,-1,1225.7,408.3,47.3,121.9,1.0
101,-1,388.5,369.9,98.9,338.7,1.0
101,-1,910.5,338.9,99.4,332.4,1.0
101,-1,1773.7,400.4,39.4,106.4,1.0
101,-1,1502.8,380.9,49.5,139.2,1.0
101,-1,1805.4,408.4,30.6,101.0,0.162
101,-1,9.5,117.2,240.7,963.8,0.141
394,-1,1047.5,155.9,302.4,786.0,1.0
394,-1,461.7,129.9,244.3,718.3,1.0
394,-1,754.8,216.4,182.1,552.3,1.0
394,-1,216.1,168.5,260.6,652.6,1.0
394,-1,973.5,346.1,92.2,208.6,0.991
394,-1,704.0,313.1,83.2,225.6,0.976
18,-1,307.9,273.8,147.4,382.4,1.0
18,-1,834.5,157.1,206.9,653.8,1.0
18,-1,476.5,269.3,120.6,363.2,1.0
18,-1,663.3,342.6,47.2,138.6,1.0
18,-1,707.0,330.8,53.2,138.7,1.0
18,-1,777.5,344.5,49.4,113.7,1.0
18,-1,998.6,249.4,108.4,395.2,0.944
18,-1,1368.8,335.9,47.8,129.7,0.226
18,-1,832.8,354.0,40.1,107.7,0.062
425,-1,1090.4,147.6,319.5,810.7,1.0
425,-1,733.6,210.3,178.1,538.5,1.0
425,-1,889.7,244.4,140.0,432.0,1.0
425,-1,98.7,1.0,507.3,1080.0,1.0
425,-1,623.2,326.1,100.4,224.1,1.0
425,-1,1033.5,326.8,88.6,232.2,0.996
96,-1,1010.6,312.0,181.0,463.6,1.0
96,-1,702.2,235.8,231.4,692.4,1.0
96,-1,397.7,372.9,100.2,325.6,1.0
96,-1,1763.1,409.0,36.8,106.9,1.0
96,-1,1.0,93.2,360.5,987.8,1.0
96,-1,635.1,420.4,63.7,161.7,1.0
96,-1,906.1,341.4,98.8,329.8,0.999
96,-1,1490.7,386.1,48.0,139.4,0.999
96,-1,1252.9,421.4,36.4,106.6,0.979
254,-1,773.5,335.4,202.9,579.2,1.0
254,-1,1107.1,340.9,219.3,595.0,1.0
254,-1,605.0,399.4,142.7,384.0,1.0
254,-1,52.4,197.6,369.9,883.4,1.0
254,-1,1577.3,983.0,29.7,72.7,1.0
254,-1,470.3,410.7,137.2,403.9,0.999
254,-1,1754.8,1004.4,41.2,76.6,0.993
254,-1,964.5,413.7,88.0,332.5,0.099
210,-1,1088.7,318.4,219.0,536.0,1.0
210,-1,516.7,323.0,202.5,445.0,1.0
210,-1,797.0,295.8,188.2,594.4,1.0
210,-1,391.2,385.1,147.9,377.0,1.0
210,-1,996.4,402.0,90.4,224.5,1.0
210,-1,743.0,404.1,94.8,244.5,0.967
328,-1,811.0,168.0,203.2,558.6,1.0
328,-1,1185.6,1.0,370.0,1080.0,1.0
328,-1,714.8,245.9,118.7,335.3,1.0
328,-1,978.2,197.8,117.9,430.3,0.997
58,-1,743.6,518.2,54.9,140.5,1.0
58,-1,465.9,390.8,190.5,614.1,1.0
58,-1,133.7,408.8,238.5,633.1,1.0
58,-1,845.8,347.4,228.7,673.5,1.0
58,-1,1072.0,413.3,168.2,447.6,1.0
58,-1,801.0,495.6,56.5,160.4,1.0
154,-1,1147.2,309.7,196.3,512.7,1.0
154,-1,202.2,307.0,198.2,599.3,1.0
154,-1,778.9,266.7,203.5,607.7,1.0
154,-1,675.0,408.0,86.3,228.5,1.0
154,-1,962.2,336.3,106.4,354.2,0.999
154,-1,1045.9,385.4,85.7,227.5,0.998
137,-1,727.7,241.8,207.8,630.3,1.0
137,-1,1081.9,291.4,189.1,498.7,1.0
137,-1,292.4,326.1,148.7,469.8,1.0
137,-1,1625.0,363.6,58.0,141.8,1.0
137,-1,649.1,392.1,87.7,206.2,1.0
137,-1,926.7,326.3,98.6,340.7,1.0
137,-1,1016.5,365.6,79.6,228.0,0.988
397,-1,1047.6,159.8,308.5,782.1,1.0
397,-1,439.0,119.4,256.8,725.6,1.0
397,-1,170.6,166.1,280.2,685.2,1.0
397,-1,742.0,220.9,188.4,534.8,1.0
397,-1,968.8,340.9,94.7,212.9,0.765
397,-1,694.6,307.0,87.7,234.7,0.378
247,-1,1105.3,332.1,223.3,581.4,1.0
247,-1,783.6,319.7,200.0,580.9,1.0
247,-1,644.3,399.1,125.8,352.3,1.0
247,-1,169.2,240.9,347.8,776.3,1.0
247,-1,509.9,393.9,120.8,365.7,0.999
247,-1,1581.2,975.3,27.0,72.9,0.998
247,-1,8.1,341.8,232.6,655.6,0.998
247,-1,998.2,432.2,65.9,219.0,0.856
426,-1,1083.5,127.4,323.0,831.3,1.0
426,-1,622.8,328.9,90.8,215.8,1.0
426,-1,722.5,208.5,186.0,544.6,1.0
426,-1,885.6,238.9,140.6,445.3,1.0
426,-1,105.3,1.0,486.1,1080.0,1.0
426,-1,1031.8,329.2,88.6,236.0,0.631
70,-1,12.9,359.4,265.7,721.6,1.0
70,-1,826.7,333.6,233.2,671.7,1.0
70,-1,427.8,352.0,244.4,709.0,1.0
70,-1,1101.4,391.1,186.0,459.1,1.0
70,-1,754.6,489.3,54.4,150.5,1.0
163,-1,1108.8,305.7,200.8,515.7,1.0
163,-1,85.5,285.5,228.4,693.7,1.0
163,-1,752.7,265.2,226.1,626.8,1.0
163,-1,626.1,391.5,102.4,246.6,1.0
163,-1,1697.8,383.7,55.6,132.7,1.0
163,-1,1021.9,389.5,85.2,222.3,0.999
163,-1,930.8,327.0,102.9,363.2,0.976
10,-1,338.5,269.5,125.5,335.8,1.0
10,-1,500.0,265.0,110.3,351.6,1.0
10,-1,874.4,150.6,189.6,640.2,1.0
10,-1,715.1,321.6,52.6,134.7,1.0
10,-1,675.3,333.6,45.3,132.5,1.0
10,-1,776.2,332.5,48.2,120.4,1.0
10,-1,830.6,329.1,50.5,125.8,0.998
414,-1,1109.5,147.7,285.0,822.0,1.0
414,-1,739.0,231.3,180.7,535.1,1.0
414,-1,2.0,77.4,322.6,904.8,1.0
414,-1,319.5,31.9,346.2,998.7,1.0
414,-1,881.3,241.7,133.8,445.0,0.999
414,-1,1004.7,343.8,103.5,228.2,0.999
414,-1,646.8,343.1,77.6,209.3,0.996
158,-1,1139.6,310.2,196.2,509.0,1.0
158,-1,759.8,257.0,226.0,633.3,1.0
158,-1,156.5,291.7,216.1,631.1,1.0
158,-1,660.5,401.8,94.3,235.6,1.0
158,-1,953.6,333.8,103.6,355.3,0.999
158,-1,1044.0,386.5,81.5,227.6,0.998
158,-1,1716.0,384.5,52.7,131.1,0.499
281,-1,1717.3,951.1,37.2,95.5,1.0
281,-1,460.8,267.2,214.6,548.3,1.0
281,-1,1114.5,261.7,233.4,592.8,1.0
281,-1,753.6,249.9,201.4,571.5,1.0
281,-1,976.9,323.5,150.8,418.0,1.0
281,-1,238.4,268.1,204.5,590.6,1.0
281,-1,665.6,395.1,50.0,146.9,1.0
319,-1,812.7,175.5,198.5,563.9,1.0
319,-1,1121.2,102.5,289.2,883.1,1.0
319,-1,975.4,202.5,118.7,432.0,1.0
319,-1,1.0,1.0,477.0,1080.0,1.0
319,-1,715.1,310.7,47.6,157.3,0.999
319,-1,744.0,260.5,112.8,310.5,0.993
319,-1,1811.6,918.4,33.0,80.0,0.446
289,-1,146.8,163.4,245.3,690.0,1.0
289,-1,421.6,152.6,242.2,661.5,1.0
289,-1,770.1,191.7,199.6,579.6,1.0
289,-1,1005.4,254.4,171.9,476.0,1.0
289,-1,1148.0,185.2,229.6,637.2,1.0
289,-1,1733.7,904.3,35.3,81.0,1.0
289,-1,676.2,337.5,49.1,144.1,0.999
289,-1,732.3,305.1,75.7,245.4,0.411
377,-1,1117.4,168.9,251.5,730.5,1.0
377,-1,547.5,189.5,202.6,564.8,1.0
377,-1,764.0,204.4,180.2,550.9,1.0
377,-1,387.5,218.9,188.3,518.5,1.0
377,-1,979.7,335.6,86.6,203.9,1.0
351,-1,1161.0,143.3,280.8,714.1,1.0
351,-1,785.6,196.7,202.1,544.0,1.0
351,-1,598.0,235.9,151.7,393.4,1.0
351,-1,955.2,217.7,129.6,439.8,1.0
351,-1,1080.1,323.1,75.2,191.3,0.998
192,-1,1152.4,291.5,204.3,536.4,1.0
192,-1,657.4,332.8,147.4,358.1,1.0
192,-1,798.5,257.2,208.3,610.9,1.0
192,-1,539.9,379.4,132.8,312.6,1.0
192,-1,1031.6,378.0,94.1,228.5,1.0
68,-1,34.8,390.7,264.4,690.3,1.0
68,-1,435.8,360.0,230.1,692.5,1.0
68,-1,827.8,340.3,228.6,666.4,1.0
68,-1,1086.7,403.6,194.9,444.7,1.0
68,-1,749.8,499.7,54.7,144.4,1.0
1,-1,876.7,153.6,237.0,619.6,1.0
1,-1,401.9,286.4,113.1,310.9,1.0
1,-1,548.8,270.3,101.9,317.6,1.0
1,-1,695.6,336.1,45.0,125.1,1.0
1,-1,739.5,323.1,49.4,133.9,1.0
1,-1,5.8,14.4,344.3,1066.6,0.999
1,-1,793.7,333.8,42.0,114.4,0.999
296,-1,1232.2,168.0,205.7,635.1,1.0
296,-1,829.0,180.2,182.4,551.0,1.0
296,-1,1056.3,210.8,188.8,536.7,1.0
296,-1,382.5,125.4,278.8,749.3,1.0
296,-1,1784.3,898.7,36.2,80.1,1.0
296,-1,42.7,128.3,307.2,784.9,1.0
296,-1,713.9,317.8,50.5,151.5,0.999
296,-1,752.4,280.8,100.5,269.8,0.995
284,-1,450.5,217.9,219.5,590.3,1.0
284,-1,1119.8,221.3,227.4,614.7,1.0
284,-1,756.4,220.4,192.3,578.0,1.0
284,-1,1716.9,931.2,35.6,80.7,1.0
284,-1,204.9,223.5,219.9,630.4,1.0
284,-1,979.1,284.8,160.7,447.3,1.0
284,-1,664.6,370.6,49.2,144.4,1.0
28,-1,386.3,302.6,147.7,414.2,1.0
28,-1,879.0,184.9,225.9,658.8,1.0
28,-1,556.1,298.2,138.8,414.8,1.0
28,-1,807.1,358.3,53.4,145.3,1.0
28,-1,764.3,377.7,43.3,133.2,1.0
28,-1,1073.6,277.8,155.5,431.4,1.0
28,-1,1482.3,349.0,51.6,139.7,0.998
28,-1,1772.8,363.7,30.2,108.0,0.997
28,-1,1735.7,362.7,25.0,97.7,0.334
28,-1,1745.4,363.4,42.0,107.2,0.083
344,-1,806.6,188.6,191.6,554.8,1.0
344,-1,656.0,257.5,136.6,370.6,1.0
344,-1,1214.3,153.4,258.0,708.8,1.0
344,-1,977.2,223.8,129.8,434.6,0.999
344,-1,1129.4,336.1,65.8,184.0,0.999
344,-1,1555.4,75.7,355.0,1005.3,0.409
2,-1,396.9,282.0,114.8,318.3,1.0
2,-1,872.4,148.3,232.8,628.7,1.0
2,-1,543.8,266.3,102.1,324.4,1.0
2,-1,694.1,334.9,45.1,126.4,1.0
2,-1,737.5,322.7,49.7,130.8,1.0
2,-1,12.0,6.1,330.2,1074.9,0.999
2,-1,793.7,332.5,42.2,114.9,0.998
385,-1,1094.4,159.6,262.6,763.1,1.0
385,-1,507.7,171.8,230.1,631.1,1.0
385,-1,334.4,201.7,205.9,583.0,1.0
385,-1,770.1,219.6,185.9,555.0,1.0
385,-1,981.6,345.1,92.7,209.6,1.0
385,-1,730.5,319.6,71.4,221.8,0.371
451,-1,1153.3,146.8,327.7,818.7,1.0
451,-1,708.1,201.0,178.2,530.0,1.0
451,-1,933.9,223.7,145.3,434.2,1.0
451,-1,598.6,309.3,112.4,260.5,1.0
451,-1,549.7,312.9,69.8,205.1,0.996
451,-1,1118.3,311.6,80.4,248.5,0.72
342,-1,810.4,192.2,187.9,547.2,1.0
342,-1,663.9,257.5,138.1,369.5,1.0
342,-1,1225.1,176.8,246.7,681.7,1.0
342,-1,1137.9,339.4,67.7,181.7,0.999
342,-1,978.9,228.6,133.0,443.6,0.999
342,-1,1419.1,5.6,501.9,1075.4,0.553
286,-1,1131.3,208.4,224.2,620.4,1.0
286,-1,761.4,209.1,187.5,569.1,1.0
286,-1,428.8,188.1,239.3,619.6,1.0
286,-1,1720.4,918.5,37.0,81.7,1.0
286,-1,987.8,265.8,164.6,463.4,1.0
286,-1,181.8,210.2,228.7,644.0,1.0
286,-1,666.6,356.3,50.0,146.1,0.999
74,-1,834.1,308.3,225.6,672.1,1.0
74,-1,1107.5,377.2,180.7,452.2,1.0
74,-1,754.7,480.6,53.8,148.3,1.0
74,-1,406.4,308.9,251.8,772.1,1.0
74,-1,1.0,334.2,222.8,746.8,1.0
15,-1,315.2,268.4,141.3,370.3,1.0
15,-1,846.4,155.4,207.8,636.5,1.0
15,-1,708.3,322.2,52.9,140.5,1.0
15,-1,483.3,261.3,112.3,355.8,1.0
15,-1,774.0,334.3,49.6,122.6,1.0
15,-1,666.3,341.5,43.6,129.3,1.0
15,-1,1364.1,327.6,51.5,132.6,0.992
15,-1,827.0,344.3,38.8,108.0,0.94
188,-1,1144.7,290.7,204.5,524.0,1.0
188,-1,792.7,255.1,207.6,602.0,1.0
188,-1,662.7,329.3,148.4,354.4,1.0
188,-1,557.3,383.6,116.6,291.7,1.0
188,-1,1031.7,376.3,93.1,226.2,1.0
393,-1,1050.8,158.0,300.4,768.2,1.0
393,-1,756.9,220.4,182.9,548.3,1.0
393,-1,464.9,137.2,246.8,697.5,1.0
393,-1,229.7,176.8,255.7,635.8,1.0
393,-1,972.9,342.4,89.8,216.1,0.998
393,-1,706.7,314.7,82.8,225.4,0.98
223,-1,1155.2,308.6,211.9,561.4,1.0
223,-1,809.5,301.9,203.6,596.8,1.0
223,-1,492.9,300.7,202.4,519.5,1.0
223,-1,346.2,387.0,179.1,432.0,1.0
223,-1,1027.3,415.9,83.3,224.1,1.0
223,-1,755.6,403.9,90.2,267.7,0.497
123,-1,1107.7,292.6,173.9,481.4,1.0
123,-1,741.4,229.5,222.4,649.4,1.0
123,-1,967.4,324.9,100.8,332.0,1.0
123,-1,372.3,331.4,125.1,408.7,1.0
123,-1,1627.3,363.8,54.2,137.1,1.0
123,-1,685.5,387.8,70.7,185.7,0.999
358,-1,1128.1,147.6,282.2,715.4,1.0
358,-1,536.5,232.5,150.1,420.4,1.0
358,-1,783.0,178.1,178.7,547.6,1.0
358,-1,1026.5,319.2,73.1,192.0,0.999
358,-1,686.2,204.3,151.3,458.7,0.999
358,-1,914.6,215.5,128.1,442.8,0.998
159,-1,1137.9,305.9,193.1,512.0,1.0
159,-1,762.3,257.7,219.9,632.5,1.0
159,-1,656.0,399.3,92.9,238.9,1.0
159,-1,138.9,292.4,225.5,638.7,1.0
159,-1,946.2,333.9,108.4,351.0,0.999
159,-1,1038.7,382.1,83.0,231.0,0.997
355,-1,565.0,237.0,150.4,410.3,1.0
355,-1,1141.4,151.3,287.4,718.8,1.0
355,-1,783.0,186.4,191.6,539.1,1.0
355,-1,1049.4,321.6,78.8,194.9,0.999
355,-1,939.4,217.5,125.4,440.1,0.997
355,-1,731.4,219.7,119.7,432.6,0.443
336,-1,1346.3,1.0,457.6,1080.0,1.0
336,-1,834.4,192.9,182.2,551.7,1.0
336,-1,1162.4,329.5,64.3,197.7,1.0
336,-1,696.7,263.1,130.8,345.7,1.0
336,-1,980.7,222.2,132.9,429.9,1.0
336,-1,1248.3,161.3,284.5,785.5,0.07
401,-1,1043.0,153.0,306.4,796.9,1.0
401,-1,728.1,215.5,179.6,517.3,1.0
401,-1,408.4,89.2,276.8,790.9,1.0
401,-1,112.3,136.1,302.3,736.7,1.0
401,-1,859.1,238.8,123.1,444.5,0.973
401,-1,963.0,337.3,91.3,218.6,0.546
27,-1,381.1,293.6,146.6,410.4,1.0
27,-1,550.1,294.7,138.6,405.2,1.0
27,-1,867.4,179.3,233.2,663.9,1.0
27,-1,797.5,352.5,54.5,143.7,1.0
27,-1,755.0,372.7,42.3,132.4,1.0
27,-1,1069.0,268.4,147.4,429.8,1.0
27,-1,1763.0,362.1,25.7,101.7,0.229
27,-1,1482.5,359.5,41.2,118.7,0.1
294,-1,807.3,171.8,187.7,580.0,1.0
294,-1,1042.1,215.2,184.2,531.1,1.0
294,-1,385.7,141.1,274.4,710.1,1.0
294,-1,1208.2,171.4,211.8,622.5,1.0
294,-1,71.3,125.1,291.5,760.8,1.0
294,-1,1767.9,899.1,35.8,78.9,1.0
294,-1,702.9,317.3,49.9,151.9,0.998
294,-1,743.8,284.1,97.6,263.2,0.998
19,-1,304.0,278.8,150.4,384.2,1.0
19,-1,664.5,346.5,47.2,137.1,1.0
19,-1,778.3,347.6,50.6,118.0,1.0
19,-1,836.8,167.0,208.2,651.3,1.0
19,-1,476.0,264.0,126.8,388.4,1.0
19,-1,708.1,335.3,52.8,138.3,1.0
19,-1,998.2,251.3,104.3,403.4,0.857
19,-1,834.3,350.9,45.5,114.7,0.506
436,-1,1063.2,130.0,349.6,842.1,1.0
436,-1,675.5,195.0,174.3,530.3,1.0
436,-1,883.2,223.8,135.8,445.5,1.0
436,-1,512.3,311.5,64.0,200.8,1.0
436,-1,593.2,316.5,96.1,235.9,0.999
436,-1,1.0,1.0,437.7,1080.0,0.766
430,-1,1066.8,131.6,332.1,836.1,1.0
430,-1,705.0,201.0,185.6,552.1,1.0
430,-1,1.0,1.0,540.4,1080.0,1.0
430,-1,605.0,330.3,98.3,221.5,1.0
430,-1,885.5,238.0,138.7,438.2,1.0
430,-1,532.5,318.5,61.0,196.4,0.998
278,-1,770.5,269.7,185.1,595.1,1.0
278,-1,1114.9,282.0,231.9,597.6,1.0
278,-1,477.1,301.2,205.5,526.2,1.0
278,-1,1724.8,970.8,38.7,103.6,1.0
278,-1,274.7,281.6,183.8,575.1,1.0
278,-1,987.0,358.6,144.5,403.7,1.0
278,-1,675.9,419.7,50.9,138.8,0.999
362,-1,1101.5,142.7,283.2,734.3,1.0
362,-1,643.7,197.1,155.1,488.2,1.0
362,-1,498.6,226.0,147.9,442.8,1.0
362,-1,770.3,178.0,175.9,556.6,0.999
362,-1,994.7,324.9,77.5,190.2,0.999
362,-1,893.5,217.5,109.3,444.6,0.7
271,-1,1153.2,312.9,217.0,600.2,1.0
271,-1,528.5,344.0,188.0,487.8,1.0
271,-1,827.6,325.2,171.4,574.2,1.0
271,-1,999.1,393.1,147.0,389.5,1.0
271,-1,359.3,361.9,176.2,495.6,1.0
271,-1,717.3,459.2,47.6,141.1,0.999
271,-1,777.6,429.7,83.1,222.0,0.999
271,-1,1596.0,977.3,31.1,69.3,0.993
271,-1,1773.1,1002.2,39.1,78.8,0.987
213,-1,498.3,331.7,208.1,452.5,1.0
213,-1,1091.8,321.8,221.8,548.7,1.0
213,-1,782.1,283.3,196.7,620.6,1.0
213,-1,361.2,383.7,163.5,396.0,1.0
213,-1,998.0,402.1,86.2,229.5,1.0
79,-1,335.8,271.6,289.5,809.4,1.0
79,-1,741.2,469.4,58.3,151.6,1.0
79,-1,842.1,289.5,216.1,692.8,1.0
79,-1,1098.0,365.3,173.5,460.9,1.0
361,-1,1109.9,144.6,286.6,710.0,1.0
361,-1,504.0,225.1,154.2,435.5,1.0
361,-1,776.7,176.6,175.3,555.1,1.0
361,-1,650.1,200.0,159.4,481.6,0.999
361,-1,1000.3,319.1,78.4,197.1,0.997
361,-1,901.6,216.3,110.8,441.6,0.99
179,-1,1097.4,286.4,207.9,527.6,1.0
179,-1,776.4,261.1,196.0,612.1,1.0
179,-1,552.5,383.8,105.2,280.7,1.0
179,-1,655.0,344.7,144.9,328.0,1.0
179,-1,1007.2,375.1,92.8,223.0,1.0
315,-1,813.1,178.3,205.2,561.7,1.0
315,-1,1113.9,125.2,261.1,787.0,1.0
315,-1,72.2,1.0,467.2,1080.0,1.0
315,-1,722.2,327.2,51.9,146.0,1.0
315,-1,984.8,215.2,113.3,433.0,0.999
315,-1,1816.4,925.0,37.6,78.8,0.998
315,-1,770.4,267.4,89.4,299.5,0.945
315,-1,1272.5,161.2,194.1,656.9,0.371
255,-1,1116.6,338.9,219.9,592.1,1.0
255,-1,775.4,341.1,207.4,585.8,1.0
255,-1,601.8,398.3,145.4,390.6,1.0
255,-1,27.7,173.6,380.5,907.4,1.0
255,-1,469.2,410.0,136.8,406.4,1.0
255,-1,1585.0,984.7,29.0,69.1,0.999
255,-1,1761.1,1004.8,39.5,76.2,0.978
255,-1,1565.4,980.7,25.2,65.2,0.166
255,-1,963.9,405.3,96.0,341.8,0.056
26,-1,368.9,289.2,145.8,411.9,1.0
26,-1,864.1,178.7,229.8,660.4,1.0
26,-1,538.7,294.8,136.7,400.3,1.0
26,-1,787.7,351.4,51.9,139.5,1.0
26,-1,742.5,366.7,44.0,139.1,1.0
26,-1,1060.0,265.0,138.9,423.9,1.0
291,-1,785.7,180.8,191.4,571.6,1.0
291,-1,1171.2,178.6,225.2,628.5,1.0
291,-1,126.2,144.6,258.8,709.5,1.0
291,-1,1745.9,897.0,37.6,78.4,1.0
291,-1,405.9,145.5,250.7,676.2,1.0
291,-1,1021.6,235.3,166.5,504.6,1.0
291,-1,683.2,328.2,50.4,144.2,0.999
291,-1,737.9,289.4,83.0,257.2,0.971
191,-1,1152.7,288.1,203.6,535.1,1.0
191,-1,798.2,252.0,206.0,608.0,1.0
191,-1,654.1,329.5,150.9,367.1,1.0
191,-1,544.9,375.0,127.9,313.2,1.0
191,-1,1032.4,376.2,92.4,226.0,1.0
35,-1,396.7,334.8,146.4,447.4,1.0
35,-1,904.8,230.1,232.3,665.7,1.0
35,-1,582.8,317.0,143.5,445.9,1.0
35,-1,1106.7,310.8,170.1,425.4,1.0
35,-1,804.9,406.0,43.3,139.0,1.0
35,-1,849.2,393.2,52.2,147.7,1.0
293,-1,388.8,158.0,275.6,671.8,1.0
293,-1,803.8,176.7,184.9,571.4,1.0
293,-1,1193.0,170.6,217.0,616.8,1.0
293,-1,1032.6,220.8,180.6,521.0,1.0
293,-1,1757.7,900.1,38.8,76.2,1.0
293,-1,92.3,139.3,276.1,737.3,1.0
293,-1,736.5,284.7,97.5,249.8,0.999
293,-1,693.5,319.8,52.0,150.0,0.996
120,-1,1107.5,292.7,188.7,480.1,1.0
120,-1,765.8,228.9,207.9,650.2,1.0
120,-1,693.1,389.6,68.2,179.7,1.0
120,-1,394.5,329.8,122.4,393.1,1.0
120,-1,1628.1,360.8,55.0,140.2,1.0
120,-1,973.3,326.3,98.0,327.7,1.0
24,-1,343.4,289.0,149.3,397.5,1.0
24,-1,512.5,285.2,137.0,404.0,1.0
24,-1,714.0,363.2,45.3,137.0,1.0
24,-1,856.7,170.6,223.0,663.6,1.0
24,-1,761.8,348.3,52.5,140.9,1.0
24,-1,827.7,356.1,44.9,122.4,1.0
24,-1,1041.7,259.1,124.2,413.9,0.999
146,-1,1124.1,300.2,195.2,497.9,1.0
146,-1,672.9,394.8,83.0,215.2,1.0
146,-1,778.8,261.9,189.2,625.8,1.0
146,-1,258.7,325.5,173.2,529.8,1.0
146,-1,1681.4,367.2,59.9,141.7,1.0
146,-1,948.1,332.3,102.3,339.4,1.0
146,-1,1040.7,375.5,82.5,227.6,0.997
416,-1,1115.8,146.3,283.5,830.2,1.0
416,-1,298.0,1.5,354.4,1050.4,1.0
416,-1,883.7,238.3,137.6,445.3,1.0
416,-1,742.8,221.5,175.8,527.3,1.0
416,-1,1.0,66.5,299.0,932.5,1.0
416,-1,1019.0,345.9,104.0,222.2,0.999
416,-1,652.8,341.1,77.0,208.6,0.999
151,-1,1138.2,303.9,201.4,501.1,1.0
151,-1,676.7,406.7,85.7,219.6,1.0
151,-1,229.1,313.3,186.9,575.5,1.0
151,-1,785.2,267.8,197.5,618.3,1.0
151,-1,1708.5,377.8,51.1,132.9,0.999
151,-1,1046.4,383.9,86.4,227.2,0.998
151,-1,959.0,332.0,103.9,349.8,0.998
183,-1,1129.0,286.6,197.5,523.1,1.0
183,-1,777.1,256.3,208.5,614.0,1.0
183,-1,659.3,347.8,143.4,325.9,1.0
183,-1,556.3,390.1,108.9,284.1,1.0
183,-1,1019.1,378.0,90.8,224.5,1.0
168,-1,1091.5,288.2,202.6,517.5,1.0
168,-1,764.7,255.4,200.8,619.7,1.0
168,-1,8.1,264.7,254.8,772.0,1.0
168,-1,594.5,389.3,100.1,252.2,1.0
168,-1,1007.3,379.2,90.0,225.3,0.999
168,-1,681.6,361.3,105.4,285.1,0.997
168,-1,1677.4,373.8,55.4,138.9,0.976
368,-1,1097.4,154.2,268.6,701.0,1.0
368,-1,444.6,220.6,168.7,485.0,1.0
368,-1,592.5,193.0,169.7,501.1,1.0
368,-1,756.1,193.6,172.7,536.1,1.0
368,-1,971.5,319.7,81.7,202.4,0.999
302,-1,323.5,90.7,328.3,839.7,1.0
302,-1,1081.7,201.6,199.3,593.1,1.0
302,-1,849.6,178.7,185.8,572.6,1.0
302,-1,1267.1,170.5,207.4,656.7,1.0
302,-1,737.9,320.9,50.9,144.3,1.0
302,-1,1.0,61.3,288.9,939.7,0.999
302,-1,777.9,282.1,100.4,271.8,0.999
302,-1,1825.8,916.0,37.8,86.7,0.828
302,-1,1808.7,916.2,31.5,73.0,0.687
302,-1,1792.0,917.5,30.1,72.1,0.479
302,-1,1853.0,919.4,34.8,89.3,0.23
238,-1,846.7,321.8,184.9,577.7,1.0
238,-1,1151.1,320.6,212.1,569.5,1.0
238,-1,348.9,263.6,265.0,659.3,1.0
238,-1,184.7,352.2,206.7,564.4,1.0
238,-1,703.0,389.5,116.0,327.6,1.0
238,-1,599.7,407.1,99.5,309.7,0.999
238,-1,1612.1,963.8,29.1,72.6,0.999
238,-1,1027.3,431.2,80.0,218.4,0.999
238,-1,1598.6,964.3,26.7,65.2,0.062
303,-1,320.4,68.0,318.7,883.3,1.0
303,-1,1090.0,192.7,205.2,605.7,1.0
303,-1,853.2,187.5,185.8,564.1,1.0
303,-1,1267.9,171.7,210.6,654.8,1.0
303,-1,740.1,321.3,49.5,144.9,1.0
303,-1,1.0,70.4,262.3,961.8,1.0
303,-1,779.1,282.7,101.2,269.6,0.999
303,-1,1809.7,925.1,39.1,73.7,0.526
303,-1,1832.8,912.4,40.3,87.3,0.323
303,-1,1795.4,922.1,30.0,72.3,0.081
177,-1,1098.0,287.4,197.8,527.1,1.0
177,-1,768.1,262.0,203.9,618.2,1.0
177,-1,656.9,349.3,132.0,307.7,1.0
177,-1,554.5,382.5,106.2,277.4,1.0
177,-1,1005.9,372.9,88.8,227.4,1.0
177,-1,1.0,182.6,174.1,898.4,0.806
77,-1,376.0,280.2,268.3,800.8,1.0
77,-1,748.8,473.8,58.6,151.4,1.0
77,-1,834.8,295.4,225.6,673.0,1.0
77,-1,1106.8,370.2,174.0,456.8,1.0
77,-1,1.0,309.4,178.0,771.6,0.997
405,-1,1055.6,157.1,307.8,776.7,1.0
405,-1,69.5,130.7,306.4,799.5,1.0
405,-1,374.3,84.7,313.4,836.4,1.0
405,-1,715.7,213.7,186.9,537.6,1.0
405,-1,967.4,339.5,97.2,223.0,0.999
405,-1,852.6,242.1,133.1,436.6,0.999
378,-1,1118.0,159.9,245.1,737.4,1.0
378,-1,536.5,183.5,208.2,573.9,1.0
378,-1,768.1,205.9,185.2,555.9,1.0
378,-1,386.5,223.5,183.7,529.5,1.0
378,-1,982.0,339.4,87.1,203.8,1.0
203,-1,798.6,279.6,187.9,603.8,1.0
203,-1,569.2,343.0,169.4,402.6,1.0
203,-1,1096.9,306.1,206.9,540.1,1.0
203,-1,439.2,398.5,146.3,338.1,1.0
203,-1,1000.2,403.0,92.6,227.3,1.0
318,-1,820.5,182.4,193.7,559.5,1.0
318,-1,1120.2,102.0,273.3,875.3,1.0
318,-1,1.0,1.0,494.1,1080.0,1.0
318,-1,979.3,209.5,119.4,427.0,1.0
318,-1,748.7,264.7,107.2,289.4,0.998
318,-1,1811.4,924.9,35.9,76.3,0.996
318,-1,719.6,315.7,48.4,153.6,0.993
431,-1,1064.6,133.8,337.0,837.4,1.0
431,-1,697.5,213.7,180.8,522.3,1.0
431,-1,1.0,1.0,536.5,1080.0,1.0
431,-1,887.3,232.2,134.5,445.0,1.0
431,-1,600.5,322.2,99.2,237.7,1.0
431,-1,528.6,321.9,61.1,186.8,0.999
34,-1,895.9,207.9,232.5,687.4,1.0
34,-1,400.2,328.9,146.0,437.3,1.0
34,-1,582.8,310.0,137.5,445.2,1.0
34,-1,1097.2,299.8,175.8,432.5,1.0
34,-1,803.0,404.2,41.2,133.6,1.0
34,-1,844.6,387.4,51.7,148.5,1.0
235,-1,1162.3,309.6,207.5,584.5,1.0
235,-1,846.8,310.2,191.6,593.3,1.0
235,-1,389.2,276.4,263.3,630.5,1.0
235,-1,230.7,364.4,191.6,530.7,1.0
235,-1,714.1,395.1,121.3,307.6,1.0
235,-1,1033.6,420.1,84.7,224.3,1.0
235,-1,1622.1,961.0,27.4,69.6,0.994
235,-1,618.9,391.7,94.3,340.7,0.266
396,-1,1051.8,147.0,302.5,797.9,1.0
396,-1,184.9,162.5,272.4,672.3,1.0
396,-1,745.7,214.8,189.8,544.9,1.0
396,-1,448.8,119.8,249.5,726.2,1.0
396,-1,971.1,344.5,94.0,210.9,0.93
396,-1,698.3,307.3,87.9,229.1,0.586
45,-1,918.1,281.7,205.2,687.2,1.0
45,-1,299.7,365.9,194.5,504.0,1.0
45,-1,1119.8,366.2,161.6,439.3,1.0
45,-1,559.0,353.1,146.5,509.5,1.0
45,-1,845.8,446.6,55.7,152.8,1.0
45,-1,801.9,463.7,45.7,138.6,1.0
326,-1,814.8,166.4,194.7,559.5,1.0
326,-1,1162.7,18.2,351.2,1062.8,1.0
326,-1,717.7,250.2,118.4,323.4,1.0
326,-1,973.9,193.2,120.8,431.4,0.996
415,-1,1113.9,152.0,283.6,816.8,1.0
415,-1,308.7,10.6,349.8,1034.7,1.0
415,-1,743.0,229.7,176.4,520.4,1.0
415,-1,1.9,76.1,311.2,932.4,1.0
415,-1,880.4,237.6,137.6,445.9,1.0
415,-1,1013.4,347.2,103.4,222.4,0.999
415,-1,649.0,343.4,80.2,211.4,0.995
346,-1,1205.9,151.2,253.5,699.7,1.0
346,-1,797.0,184.8,200.6,559.2,1.0
346,-1,970.1,217.8,133.1,440.0,1.0
346,-1,644.3,259.0,142.4,352.7,1.0
346,-1,1112.6,329.4,69.3,184.3,0.999
37,-1,382.7,340.1,159.0,453.6,1.0
37,-1,906.0,235.4,232.0,680.9,1.0
37,-1,1115.4,316.4,169.8,428.8,1.0
37,-1,584.4,326.0,142.8,455.2,1.0
37,-1,851.9,403.2,52.4,150.4,1.0
37,-1,808.2,423.2,43.4,132.1,1.0
323,-1,813.1,161.5,194.5,570.7,1.0
323,-1,1147.3,64.1,311.1,997.7,1.0
323,-1,725.3,253.8,118.5,316.3,1.0
323,-1,975.0,189.9,118.7,434.5,0.999
323,-1,27.7,1.0,334.8,1080.0,0.57
323,-1,703.3,304.7,48.3,164.9,0.285
327,-1,812.6,167.2,202.6,555.5,1.0
327,-1,1177.7,7.6,358.9,1073.4,1.0
327,-1,716.0,252.7,122.6,321.4,1.0
327,-1,974.0,206.2,120.7,417.5,0.998
4,-1,380.7,271.7,114.7,332.0,1.0
4,-1,877.4,148.9,210.8,631.1,1.0
4,-1,529.8,268.5,104.0,330.2,1.0
4,-1,733.0,320.1,51.0,135.8,1.0
4,-1,687.8,335.3,42.7,129.0,1.0
4,-1,788.9,332.6,40.9,117.7,0.999
4,-1,1.6,25.9,317.7,1055.1,0.999
85,-1,796.3,295.4,217.0,659.3,1.0
85,-1,212.3,207.6,317.8,873.4,1.0
85,-1,1071.5,351.3,169.9,467.9,1.0
85,-1,704.5,448.7,60.8,155.4,1.0
85,-1,1532.6,419.9,49.0,137.0,0.998
85,-1,975.4,374.1,90.8,323.6,0.992
85,-1,1818.1,441.4,33.3,103.9,0.538
85,-1,484.2,407.5,86.2,303.0,0.467
85,-1,1308.5,448.8,29.8,120.4,0.222
384,-1,1104.8,150.7,254.7,755.0,1.0
384,-1,514.5,170.2,218.5,616.6,1.0
384,-1,768.2,212.2,186.3,559.5,1.0
384,-1,343.3,205.3,202.6,560.8,1.0
384,-1,983.6,343.0,91.3,214.3,0.998
384,-1,730.0,317.8,71.9,218.1,0.464
57,-1,856.2,344.1,211.5,681.3,1.0
57,-1,140.5,412.2,238.2,617.9,1.0
57,-1,1073.3,412.3,165.2,449.0,1.0
57,-1,746.0,517.7,55.8,142.4,1.0
57,-1,468.0,390.2,191.4,604.0,1.0
57,-1,801.0,495.4,57.3,160.5,1.0
335,-1,1329.1,1.0,443.4,1080.0,1.0
335,-1,1165.2,328.4,60.0,189.9,1.0
335,-1,824.7,199.2,197.4,546.8,1.0
335,-1,700.8,260.9,130.3,336.8,1.0
335,-1,983.2,222.3,130.3,430.1,1.0
369,-1,1098.0,144.1,264.4,718.4,1.0
369,-1,432.5,219.9,183.8,488.2,1.0
369,-1,587.7,186.4,182.7,525.3,1.0
369,-1,752.6,188.6,175.8,569.0,1.0
369,-1,970.6,320.2,80.4,202.1,0.999
49,-1,899.0,324.5,209.3,677.5,1.0
49,-1,522.1,376.7,161.1,522.7,1.0
49,-1,249.3,395.7,210.5,537.1,1.0
49,-1,1095.0,404.0,159.8,437.0,1.0
49,-1,774.5,486.5,50.7,140.5,1.0
49,-1,824.6,469.5,57.2,157.9,1.0
49,-1,879.1,481.5,34.9,110.4,0.919
215,-1,1097.3,325.0,220.3,543.5,1.0
215,-1,777.0,289.2,203.9,609.6,1.0
215,-1,494.2,335.0,207.8,450.5,1.0
215,-1,359.0,385.9,156.4,412.0,1.0
215,-1,1001.1,407.9,84.7,225.4,1.0
23,-1,332.3,289.8,152.5,394.1,1.0
23,-1,505.6,281.7,132.9,406.2,1.0
23,-1,753.2,349.6,51.4,135.9,1.0
23,-1,845.6,172.2,225.7,661.9,1.0
23,-1,704.8,362.0,46.3,137.2,1.0
23,-1,813.3,358.2,49.0,122.8,1.0
23,-1,1039.6,261.5,113.3,416.2,0.999
8,-1,350.2,265.9,124.2,341.9,1.0
8,-1,881.1,151.1,192.2,630.7,1.0
8,-1,719.3,319.0,54.2,135.5,1.0
8,-1,511.8,261.5,104.3,347.0,1.0
8,-1,680.1,332.2,43.4,132.9,1.0
8,-1,780.6,331.7,46.3,121.9,1.0
8,-1,836.3,326.3,51.3,132.2,0.92
409,-1,1078.7,167.0,291.0,765.3,1.0
409,-1,721.2,224.6,180.6,537.9,1.0
409,-1,343.2,70.2,333.1,906.1,1.0
409,-1,39.7,109.6,324.7,844.6,1.0
409,-1,980.0,345.6,101.1,222.3,0.999
409,-1,857.2,236.5,130.0,452.0,0.996
211,-1,1094.5,307.6,218.1,548.9,1.0
211,-1,795.7,295.1,186.2,590.1,1.0
211,-1,507.0,327.8,209.2,450.0,1.0
211,-1,388.3,382.2,148.1,378.9,1.0
211,-1,996.9,402.9,90.1,225.9,1.0
211,-1,744.0,403.2,89.7,245.9,0.31
263,-1,1147.9,336.1,211.5,596.0,1.0
263,-1,809.2,339.0,193.9,584.8,1.0
263,-1,562.1,403.2,180.1,424.7,1.0
263,-1,429.6,394.5,149.9,457.7,1.0
263,-1,1600.2,981.0,29.8,74.5,1.0
263,-1,989.1,414.0,123.7,350.9,0.999
263,-1,5.5,132.6,296.4,948.4,0.996
263,-1,726.6,472.9,45.8,139.7,0.985
263,-1,1779.9,1014.3,37.8,66.7,0.902
347,-1,1197.4,148.4,256.1,691.7,1.0
347,-1,796.4,190.5,193.7,558.8,1.0
347,-1,634.7,250.0,144.7,376.4,1.0
347,-1,966.6,219.6,133.1,433.0,1.0
347,-1,1105.0,328.6,74.0,190.0,0.999
333,-1,832.3,184.8,187.9,553.4,1.0
333,-1,1278.0,1.0,420.9,1080.0,1.0
333,-1,1168.3,321.3,59.4,189.3,1.0
333,-1,703.2,255.9,126.7,336.4,1.0
333,-1,983.0,215.3,128.5,418.9,1.0
127,-1,724.7,227.3,212.0,660.9,1.0
127,-1,1081.2,296.1,191.3,482.1,1.0
127,-1,947.0,324.0,103.7,340.5,1.0
127,-1,1618.6,369.1,51.2,135.1,1.0
127,-1,340.3,325.0,134.2,430.7,1.0
127,-1,671.8,384.3,71.5,190.3,0.999
6,-1,363.3,262.8,121.9,340.1,1.0
6,-1,879.2,149.9,199.9,631.1,1.0
6,-1,517.3,263.2,107.5,335.2,1.0
6,-1,725.7,317.6,52.0,130.5,1.0
6,-1,685.5,328.7,42.4,138.1,1.0
6,-1,786.1,330.2,42.4,120.2,1.0
6,-1,1.0,14.3,292.0,1066.7,0.997
205,-1,555.4,328.9,174.9,420.6,1.0
205,-1,796.1,286.7,189.6,600.6,1.0
205,-1,1094.8,310.2,207.5,534.5,1.0
205,-1,426.2,393.8,144.3,356.5,1.0
205,-1,999.8,405.4,90.3,224.3,1.0
375,-1,1100.6,142.4,271.1,747.4,1.0
375,-1,558.0,189.9,194.5,555.9,1.0
375,-1,755.2,199.3,189.9,547.6,1.0
375,-1,395.3,219.2,194.6,507.7,1.0
375,-1,977.7,330.7,85.7,202.0,1.0
272,-1,1151.7,309.7,214.3,602.2,1.0
272,-1,522.3,340.3,186.5,489.5,1.0
272,-1,824.1,316.0,175.9,582.4,1.0
272,-1,352.7,354.6,178.6,487.6,1.0
272,-1,998.5,391.4,143.4,388.0,1.0
272,-1,712.2,459.0,47.8,134.7,1.0
272,-1,774.4,426.7,81.1,223.0,0.999
272,-1,1767.6,1000.2,40.2,80.8,0.999
272,-1,1592.8,971.0,30.3,70.8,0.99
272,-1,1610.9,969.5,26.5,70.1,0.144
193,-1,1150.8,294.7,202.2,535.7,1.0
193,-1,796.0,263.8,213.0,602.9,1.0
193,-1,529.2,376.5,143.6,323.1,1.0
193,-1,655.2,321.3,148.1,379.6,1.0
193,-1,1031.8,379.7,91.5,225.6,1.0
372,-1,1092.8,128.1,280.9,750.2,1.0
372,-1,757.9,195.0,173.7,556.9,1.0
372,-1,423.4,222.0,171.4,493.3,1.0
372,-1,574.6,182.7,179.0,530.8,1.0
372,-1,972.3,324.8,84.2,197.9,0.999
75,-1,840.7,305.7,218.5,674.6,1.0
75,-1,385.5,291.7,268.6,789.3,1.0
75,-1,1108.7,374.4,174.5,454.0,1.0
75,-1,753.3,480.6,55.3,145.7,1.0
75,-1,1.0,317.1,214.3,763.9,1.0
307,-1,244.8,56.8,368.6,972.0,1.0
307,-1,841.5,194.9,189.6,549.7,1.0
307,-1,1831.4,927.9,39.7,72.2,1.0
307,-1,1100.5,187.8,218.3,654.3,1.0
307,-1,742.5,326.2,49.3,151.5,1.0
307,-1,1275.8,169.0,205.4,662.4,1.0
307,-1,774.0,288.1,100.3,267.3,0.993
307,-1,1000.8,215.1,103.4,426.5,0.989
92,-1,723.2,250.0,232.8,670.6,1.0
92,-1,1019.0,318.8,178.4,463.7,1.0
92,-1,26.2,114.8,379.7,966.2,1.0
92,-1,654.6,422.7,62.2,162.2,1.0
92,-1,1497.5,392.6,48.2,137.2,1.0
92,-1,1773.8,415.4,38.6,105.8,1.0
92,-1,423.3,379.6,96.7,321.7,1.0
92,-1,919.6,344.9,96.4,330.5,0.993
92,-1,1259.6,423.3,38.8,112.1,0.97
262,-1,809.0,338.6,190.7,566.4,1.0
262,-1,1145.4,339.9,209.0,586.3,1.0
262,-1,575.2,403.9,172.9,417.4,1.0
262,-1,435.9,402.2,149.5,446.1,1.0
262,-1,1598.7,981.6,29.4,73.6,1.0
262,-1,988.2,422.3,119.8,345.2,0.999
262,-1,2.2,147.3,329.3,933.7,0.999
262,-1,726.4,473.6,44.7,140.8,0.963
262,-1,1776.4,1014.6,38.2,66.4,0.946
343,-1,801.8,191.1,198.0,553.0,1.0
343,-1,658.2,258.1,138.7,370.9,1.0
343,-1,1217.6,165.5,269.3,685.2,0.999
343,-1,968.9,230.3,135.9,436.3,0.999
343,-1,1132.3,336.4,69.8,190.8,0.998
99,-1,1013.8,314.1,188.4,467.2,1.0
99,-1,701.0,247.1,220.5,662.0,1.0
99,-1,631.5,417.6,64.2,164.3,1.0
99,-1,389.5,372.8,105.4,331.2,1.0
99,-1,1227.4,409.0,45.3,121.9,1.0
99,-1,1766.0,408.1,38.1,101.7,1.0
99,-1,1493.1,384.8,47.7,137.6,1.0
99,-1,907.7,347.9,92.0,321.4,1.0
99,-1,8.6,93.2,264.0,987.8,0.498
334,-1,1296.7,14.1,439.0,1066.9,1.0
334,-1,1168.3,325.4,56.3,187.1,1.0
334,-1,837.5,188.7,176.5,547.8,1.0
334,-1,703.1,256.8,126.6,340.4,1.0
334,-1,981.5,217.9,131.0,423.0,1.0
242,-1,827.5,326.8,181.5,574.1,1.0
242,-1,1127.0,325.6,223.1,578.8,1.0
242,-1,102.4,338.3,221.6,610.2,1.0
242,-1,266.3,249.3,309.6,709.4,1.0
242,-1,679.6,388.6,120.8,344.1,1.0
242,-1,561.6,398.0,109.5,337.9,1.0
242,-1,1014.4,433.3,75.6,227.1,0.997
242,-1,1598.0,972.5,29.4,73.9,0.997
144,-1,765.2,257.9,197.0,619.2,1.0
144,-1,1108.4,299.3,199.0,503.2,1.0
144,-1,1667.2,366.2,56.3,138.5,1.0
144,-1,665.0,395.9,87.1,217.1,1.0
144,-1,263.8,331.4,173.8,511.0,1.0
144,-1,941.9,328.9,100.3,344.7,0.999
144,-1,1031.7,374.4,83.0,227.8,0.995
55,-1,480.6,400.0,177.5,568.6,1.0
55,-1,176.3,420.9,225.2,590.3,1.0
55,-1,867.6,346.7,213.3,681.5,1.0
55,-1,1075.9,410.6,164.4,452.4,1.0
55,-1,749.2,513.2,57.3,141.0,1.0
55,-1,803.4,492.0,57.2,155.7,1.0
424,-1,1099.7,152.5,309.4,792.2,1.0
424,-1,628.2,327.0,95.6,228.1,1.0
424,-1,738.5,212.2,172.0,522.3,1.0
424,-1,890.8,246.4,141.1,430.0,1.0
424,-1,138.7,1.0,469.2,1080.0,1.0
424,-1,1035.4,339.4,91.8,227.9,0.997
424,-1,13.6,78.8,154.4,683.5,0.05
206,-1,1091.3,311.8,210.0,539.6,1.0
206,-1,800.7,290.0,187.2,599.1,1.0
206,-1,548.6,330.0,179.0,424.9,1.0
206,-1,418.8,387.5,142.7,363.0,1.0
206,-1,999.5,406.1,90.1,223.8,1.0
81,-1,730.2,461.2,62.0,156.3,1.0
81,-1,832.4,297.7,213.2,669.9,1.0
81,-1,1092.1,361.4,168.3,466.1,1.0
81,-1,307.2,260.4,282.7,820.6,1.0
376,-1,1108.8,156.9,256.5,739.2,1.0
376,-1,554.6,180.1,196.1,559.7,1.0
376,-1,768.1,203.7,172.9,548.2,1.0
376,-1,394.7,217.9,190.8,512.5,1.0
376,-1,976.2,331.4,89.8,205.1,1.0
157,-1,1139.4,312.1,201.3,503.8,1.0
157,-1,773.9,262.6,210.3,619.0,1.0
157,-1,173.6,297.0,204.6,617.7,1.0
157,-1,668.5,406.0,88.3,231.4,1.0
157,-1,957.3,334.8,103.3,359.7,0.999
157,-1,1042.0,387.7,88.4,225.2,0.998
104,-1,728.9,245.8,218.0,665.4,1.0
104,-1,1041.4,316.9,203.8,468.0,1.0
104,-1,658.3,408.7,63.1,169.8,1.0
104,-1,1803.6,395.4,39.0,111.9,1.0
104,-1,403.7,358.1,103.8,359.7,1.0
104,-1,1532.4,378.6,48.2,137.0,1.0
104,-1,1246.5,401.3,45.6,119.0,1.0
104,-1,927.8,333.6,97.9,332.1,1.0
104,-1,6.5,139.0,197.9,942.0,0.055
317,-1,822.6,173.7,190.6,568.6,1.0
317,-1,1115.5,116.8,270.9,842.3,1.0
317,-1,12.5,1.0,520.4,1080.0,1.0
317,-1,1812.4,925.8,36.6,75.9,0.999
317,-1,984.8,208.6,115.2,428.3,0.999
317,-1,720.0,317.6,50.3,150.0,0.998
317,-1,753.5,265.2,103.3,298.2,0.998
354,-1,1149.0,149.8,283.4,714.0,1.0
354,-1,786.7,187.0,188.7,543.1,1.0
354,-1,576.2,231.9,150.2,411.7,1.0
354,-1,1058.5,322.0,75.2,191.9,1.0
354,-1,942.8,212.6,129.3,447.1,0.999
354,-1,726.6,220.1,134.9,441.2,0.079
9,-1,345.3,268.6,123.1,340.1,1.0
9,-1,881.9,148.4,186.1,631.4,1.0
9,-1,506.3,261.6,105.7,347.7,1.0
9,-1,716.1,320.9,54.3,133.9,1.0
9,-1,777.5,332.1,47.6,120.6,1.0
9,-1,678.0,336.3,42.9,129.9,1.0
9,-1,831.2,327.3,51.7,130.9,0.991
12,-1,325.4,263.9,137.4,360.1,1.0
12,-1,862.3,157.1,197.5,641.5,1.0
12,-1,493.2,264.5,112.2,353.6,1.0
12,-1,710.7,321.2,52.8,135.8,1.0
12,-1,774.6,335.8,46.3,115.8,1.0
12,-1,828.4,333.2,49.8,123.3,0.999
12,-1,672.7,339.5,45.1,130.1,0.998
12,-1,1363.3,326.8,49.1,140.8,0.133
16,-1,313.3,269.9,138.5,373.4,1.0
16,-1,839.2,153.2,214.2,644.8,1.0
16,-1,707.4,324.0,54.0,140.2,1.0
16,-1,478.7,263.8,115.0,357.5,1.0
16,-1,665.2,341.8,43.3,130.7,1.0
16,-1,773.3,336.1,50.8,117.7,1.0
16,-1,1366.8,329.1,49.1,134.7,0.999
16,-1,825.7,342.0,36.7,110.1,0.871
16,-1,1004.5,236.1,96.6,417.1,0.087
20,-1,303.9,285.8,146.8,380.6,1.0
20,-1,839.6,169.0,213.0,653.3,1.0
20,-1,667.4,350.7,49.0,140.6,1.0
20,-1,476.2,270.3,128.0,390.7,1.0
20,-1,780.8,351.7,48.5,116.9,1.0
20,-1,714.2,342.7,52.4,135.4,1.0
20,-1,999.9,248.9,111.0,426.9,0.986
25,-1,357.4,290.8,147.8,404.0,1.0
25,-1,527.7,288.8,134.9,403.2,1.0
25,-1,861.2,165.7,219.6,662.1,1.0
25,-1,771.4,348.0,53.7,145.2,1.0
25,-1,727.1,365.0,46.1,135.4,1.0
25,-1,1046.3,257.5,135.1,426.7,0.999
25,-1,846.7,358.9,44.4,124.5,0.731
30,-1,884.5,190.7,229.8,671.2,1.0
30,-1,392.9,313.3,149.7,422.6,1.0
30,-1,570.2,304.3,138.5,417.6,1.0
30,-1,822.5,366.1,53.7,153.0,1.0
30,-1,1086.1,275.9,159.5,431.8,1.0
30,-1,778.9,387.8,41.9,134.9,1.0
30,-1,1500.7,354.3,47.6,140.1,0.993
30,-1,1794.8,369.2,29.2,113.1,0.993
30,-1,1766.7,372.0,25.9,103.6,0.592
33,-1,398.3,326.0,147.3,432.4,1.0
33,-1,890.3,202.5,230.8,688.2,1.0
33,-1,580.0,316.9,144.4,427.2,1.0
33,-1,840.6,382.2,50.8,149.4,1.0
33,-1,1096.1,302.5,171.8,424.7,1.0
33,-1,796.0,399.8,44.9,131.6,1.0
39,-1,918.7,245.3,220.4,688.5,1.0
39,-1,371.9,347.8,158.6,462.7,1.0
39,-1,1119.6,331.3,162.8,432.7,1.0
39,-1,582.6,334.2,147.1,475.3,1.0
39,-1,811.5,434.4,42.0,135.6,1.0
39,-1,853.8,416.2,55.1,150.0,1.0
48,-1,259.3,386.4,206.9,527.8,1.0
48,-1,533.5,371.8,156.3,513.4,1.0
48,-1,903.9,309.5,209.1,683.4,1.0
48,-1,1099.3,388.3,166.0,446.4,1.0
48,-1,780.5,482.7,51.4,138.1,1.0
48,-1,831.5,461.8,57.3,157.4,1.0
48,-1,883.8,473.4,33.3,108.4,0.738
50,-1,228.9,402.2,215.2,546.5,1.0
50,-1,898.1,328.9,205.4,682.1,1.0
50,-1,1088.5,399.4,166.0,447.7,1.0
50,-1,515.3,382.9,161.6,537.5,1.0
50,-1,771.7,493.5,49.0,140.6,1.0
50,-1,819.0,479.1,57.4,154.7,1.0
50,-1,873.7,484.4,38.1,125.2,0.994
53,-1,187.9,415.8,226.1,563.6,1.0
53,-1,877.1,346.2,215.1,674.6,1.0
53,-1,490.9,394.5,171.9,552.7,1.0
53,-1,808.2,488.6,56.8,155.6,1.0
53,-1,1079.4,411.0,168.2,443.4,1.0
53,-1,754.6,507.3,55.6,141.3,1.0
56,-1,154.6,432.7,238.0,577.0,1.0
56,-1,861.5,345.9,217.7,675.0,1.0
56,-1,1074.5,411.5,166.0,450.3,1.0
56,-1,473.9,394.0,184.8,592.1,1.0
56,-1,748.1,515.4,55.9,141.2,1.0
56,-1,801.2,492.6,57.6,159.5,1.0
65,-1,68.6,394.5,253.8,686.5,1.0
65,-1,443.4,387.3,216.4,649.1,1.0
65,-1,1076.0,413.7,193.6,454.0,1.0
65,-1,822.0,334.9,238.8,696.4,1.0
65,-1,745.9,511.1,53.7,142.4,1.0
66,-1,446.8,384.6,216.2,660.3,1.0
66,-1,59.7,390.3,256.0,690.7,1.0
66,-1,818.8,335.5,241.6,687.6,1.0
66,-1,1081.3,412.4,194.6,448.9,1.0
66,-1,747.5,504.8,54.4,145.6,1.0
69,-1,27.2,385.4,261.9,695.6,1.0
69,-1,825.0,337.0,234.2,675.1,1.0
69,-1,437.9,351.6,232.2,706.4,1.0
69,-1,1089.9,400.0,194.0,450.7,1.0
69,-1,752.0,494.7,54.6,147.3,1.0
72,-1,831.8,314.8,229.7,679.5,1.0
72,-1,1107.0,384.2,184.9,456.6,1.0
72,-1,421.9,336.8,249.2,734.0,1.0
72,-1,1.0,333.8,255.6,747.2,1.0
72,-1,754.2,481.7,55.4,151.6,1.0
83,-1,719.5,455.1,61.2,155.8,1.0
83,-1,1089.8,353.7,164.7,463.6,1.0
83,-1,814.8,291.6,219.6,662.4,1.0
83,-1,266.6,231.4,291.1,849.6,1.0
83,-1,787.7,436.6,55.7,174.8,0.173
83,-1,1001.9,371.3,77.8,344.1,0.109
86,-1,184.0,196.4,330.8,884.6,1.0
86,-1,780.4,283.5,228.8,663.8,1.0
86,-1,696.6,447.0,61.4,155.6,1.0
86,-1,1061.0,351.6,167.9,460.8,1.0
86,-1,1528.7,419.1,47.8,135.2,0.999
86,-1,1806.7,438.5,38.1,105.1,0.999
86,-1,965.4,371.6,95.1,323.1,0.988
86,-1,473.9,401.5,88.3,306.7,0.984
86,-1,1283.8,443.1,38.3,121.6,0.765
87,-1,164.6,194.9,334.1,886.1,1.0
87,-1,774.6,280.4,224.2,659.4,1.0
87,-1,688.5,445.1,60.7,157.9,1.0
87,-1,1052.2,345.9,169.5,462.6,1.0
87,-1,1800.7,436.4,38.1,108.1,1.0
87,-1,1522.2,415.7,48.5,135.0,0.998
87,-1,468.1,404.1,89.3,303.4,0.996
87,-1,955.2,368.0,95.8,319.5,0.99
87,-1,1276.0,443.4,34.4,123.0,0.454
87,-1,1300.8,446.3,29.0,116.6,0.173
91,-1,737.8,265.8,222.7,656.5,1.0
91,-1,58.4,146.5,371.8,934.5,1.0
91,-1,1025.7,329.1,182.6,455.7,1.0
91,-1,658.8,426.8,61.3,161.6,1.0
91,-1,432.5,390.4,92.6,309.8,1.0
91,-1,1776.9,420.4,38.8,106.0,1.0
91,-1,1501.4,397.6,48.8,138.5,0.999
91,-1,1251.4,423.9,43.1,116.7,0.999
91,-1,925.1,351.9,96.0,318.3,0.924
95,-1,1014.5,311.3,177.6,460.1,1.0
95,-1,704.2,237.4,238.2,690.6,1.0
95,-1,401.6,375.8,102.2,320.8,1.0
95,-1,1.0,92.4,365.5,988.6,1.0
95,-1,638.0,420.2,60.8,160.3,1.0
95,-1,1766.2,405.8,38.6,109.6,0.999
95,-1,910.8,346.0,94.2,321.5,0.999
95,-1,1258.7,419.1,37.6,111.5,0.999
95,-1,1490.3,387.0,48.9,139.9,0.999
95,-1,1240.8,419.2,33.9,107.7,0.582
109,-1,1079.9,288.0,187.3,483.9,1.0
109,-1,685.1,399.9,67.3,173.0,1.0
109,-1,756.8,236.5,222.1,651.7,1.0
109,-1,428.4,357.3,102.6,358.4,1.0
109,-1,1270.9,395.5,46.1,119.7,1.0
109,-1,1580.6,369.7,47.2,136.2,1.0
109,-1,956.1,326.0,93.5,332.3,1.0
109,-1,1859.9,387.5,39.3,106.5,1.0
110,-1,767.9,235.7,211.0,658.7,1.0
110,-1,1080.1,298.3,193.5,466.5,1.0
110,-1,686.2,396.6,69.5,174.1,1.0
110,-1,1585.0,366.2,48.8,139.2,1.0
110,-1,427.4,348.8,100.8,373.1,1.0
110,-1,1275.9,391.1,48.2,123.3,1.0
110,-1,957.7,326.1,98.2,333.0,1.0
110,-1,1866.1,387.0,38.4,105.5,0.999
114,-1,1101.1,287.4,178.4,474.0,1.0
114,-1,693.6,389.7,69.8,179.9,1.0
114,-1,769.9,225.5,209.3,651.2,1.0
114,-1,421.0,336.7,107.7,384.1,1.0
114,-1,1291.2,389.1,47.5,125.1,1.0
114,-1,970.1,321.6,96.1,332.5,1.0
114,-1,1607.5,363.8,49.5,136.0,1.0
116,-1,1107.5,286.1,179.1,475.4,1.0
116,-1,695.8,389.7,71.6,179.5,1.0
116,-1,771.9,234.1,205.1,652.2,1.0
116,-1,417.3,335.7,109.9,380.9,1.0
116,-1,1617.7,362.2,49.7,135.0,1.0
116,-1,972.9,329.0,97.3,323.9,1.0
116,-1,1290.2,387.5,48.2,128.7,0.998
119,-1,1110.0,288.8,185.3,477.0,1.0
119,-1,765.0,230.2,208.4,644.3,1.0
119,-1,694.7,387.6,68.2,181.6,1.0
119,-1,405.9,336.5,111.6,388.4,1.0
119,-1,1625.4,361.2,54.2,140.5,1.0
119,-1,976.1,324.1,96.1,324.9,0.999
119,-1,1293.4,390.3,45.2,134.0,0.115
131,-1,715.2,230.9,216.1,653.4,1.0
131,-1,1076.6,287.8,184.9,486.7,1.0
131,-1,311.6,332.7,142.7,443.7,1.0
131,-1,1617.2,366.8,51.8,135.8,1.0
131,-1,935.7,317.5,103.9,345.6,1.0
131,-1,660.2,383.9,70.8,198.2,1.0
132,-1,308.9,329.4,142.9,447.8,1.0
132,-1,716.0,242.4,214.9,642.6,1.0
132,-1,1077.6,288.0,182.1,487.7,1.0
132,-1,1617.0,364.5,52.2,138.2,1.0
132,-1,931.8,324.8,105.5,333.4,1.0
132,-1,659.7,384.2,71.5,199.4,1.0
132,-1,1013.3,366.4,68.5,232.3,0.05
136,-1,1078.7,292.0,189.4,493.4,1.0
136,-1,727.4,242.9,207.8,637.5,1.0
136,-1,294.5,327.6,147.8,467.0,1.0
136,-1,649.3,393.1,81.5,204.2,1.0
136,-1,1623.0,362.2,56.8,138.8,1.0
136,-1,925.9,317.0,100.9,347.1,1.0
136,-1,1018.1,365.0,77.5,227.2,0.986
138,-1,729.8,248.6,211.1,631.2,1.0
138,-1,1085.8,299.1,187.5,497.1,1.0
138,-1,283.6,327.9,155.6,475.2,1.0
138,-1,652.5,396.3,85.1,208.0,1.0
138,-1,1632.9,367.8,56.6,140.3,1.0
138,-1,928.2,332.7,100.8,334.7,0.999
138,-1,1020.5,367.7,80.2,225.0,0.993
139,-1,277.0,331.5,159.3,477.0,1.0
139,-1,736.8,246.4,204.3,621.1,1.0
139,-1,656.0,398.4,81.6,206.8,1.0
139,-1,1086.3,298.3,191.5,496.9,1.0
139,-1,1636.9,364.9,55.7,137.8,1.0
139,-1,927.5,323.6,102.1,342.9,0.999
139,-1,1021.5,365.3,79.9,230.2,0.999
140,-1,656.5,390.4,82.5,215.3,1.0
140,-1,743.6,254.1,201.6,624.6,1.0
140,-1,1091.6,302.1,188.5,497.1,1.0
140,-1,271.4,324.9,162.3,494.9,1.0
140,-1,1642.6,364.2,55.3,137.9,1.0
140,-1,931.4,329.7,103.0,337.3,0.999
140,-1,1014.5,369.2,89.5,231.6,0.997
141,-1,746.0,244.5,200.1,632.0,1.0
141,-1,1094.0,303.3,195.9,496.5,1.0
141,-1,657.6,393.2,82.5,209.8,1.0
141,-1,270.6,327.2,162.4,501.7,1.0
141,-1,1650.1,365.2,51.1,135.8,1.0
141,-1,930.9,329.9,103.9,339.8,0.999
141,-1,1023.7,372.0,81.6,228.4,0.99
145,-1,1118.0,303.0,195.1,501.2,1.0
145,-1,771.0,255.7,193.9,629.5,1.0
145,-1,667.9,392.3,84.9,220.3,1.0
145,-1,1674.9,364.9,57.0,143.4,1.0
145,-1,263.5,329.0,173.5,516.5,1.0
145,-1,947.6,332.1,97.6,338.2,0.999
145,-1,1034.8,377.1,87.1,229.1,0.996
148,-1,1137.4,300.0,188.2,493.8,1.0
148,-1,674.3,397.4,82.0,215.1,1.0
148,-1,248.7,325.5,180.6,547.4,1.0
148,-1,786.7,268.1,190.4,618.3,1.0
148,-1,1694.1,370.3,56.4,138.8,1.0
148,-1,950.4,333.8,107.1,346.7,0.999
148,-1,1046.2,382.3,81.9,224.1,0.999
149,-1,1134.8,301.7,198.1,498.9,1.0
149,-1,673.3,396.5,85.0,220.7,1.0
149,-1,773.1,266.8,213.1,633.6,1.0
149,-1,1698.4,374.3,55.9,139.7,1.0
149,-1,241.4,320.2,185.3,558.8,1.0
149,-1,953.1,335.1,106.6,346.8,0.999
149,-1,1047.9,383.8,81.0,222.1,0.999
150,-1,1140.7,307.3,197.9,502.1,1.0
150,-1,674.6,399.2,84.3,218.9,1.0
150,-1,236.4,315.7,188.2,567.0,1.0
150,-1,778.0,264.0,206.2,632.9,1.0
150,-1,1703.7,373.6,53.3,139.2,1.0
150,-1,956.2,335.5,104.6,349.2,0.999
150,-1,1045.7,383.8,86.3,226.3,0.996
152,-1,1139.7,305.9,201.3,499.4,1.0
152,-1,773.3,266.5,213.9,618.9,1.0
152,-1,226.3,312.6,186.8,586.8,1.0
152,-1,674.9,404.4,88.9,224.8,1.0
152,-1,959.4,336.1,105.1,350.9,0.999
152,-1,1046.0,381.9,86.2,230.5,0.998
152,-1,1710.8,376.2,53.1,136.5,0.178
155,-1,1146.3,302.8,194.3,509.1,1.0
155,-1,778.2,257.7,200.9,627.7,1.0
155,-1,194.1,302.1,202.2,607.7,1.0
155,-1,670.8,402.8,91.6,229.1,1.0
155,-1,963.9,334.5,104.6,355.5,0.999
155,-1,1041.9,380.4,90.5,237.1,0.997
156,-1,1145.6,305.8,195.1,508.5,1.0
156,-1,768.9,259.1,221.7,617.6,1.0
156,-1,183.7,295.6,204.9,621.0,1.0
156,-1,670.2,403.7,91.5,230.5,1.0
156,-1,959.7,333.8,106.7,350.7,0.999
156,-1,1043.6,387.1,87.3,231.1,0.995
162,-1,93.6,296.7,232.1,672.1,1.0
162,-1,1116.1,315.3,199.1,509.0,1.0
162,-1,635.5,394.8,101.3,245.4,1.0
162,-1,755.2,268.1,222.5,624.9,1.0
162,-1,1700.1,384.0,57.9,133.3,0.998
162,-1,936.6,331.1,104.7,353.5,0.998
162,-1,1029.3,384.8,83.9,229.5,0.995
171,-1,767.9,242.7,198.8,628.1,1.0
171,-1,1082.9,289.5,205.1,520.9,1.0
171,-1,668.5,345.0,114.3,309.5,1.0
171,-1,1.0,247.3,229.6,798.2,1.0
171,-1,575.3,392.2,104.5,254.6,1.0
171,-1,1000.8,377.1,89.4,223.9,0.999
171,-1,1674.2,369.9,56.7,134.1,0.184
173,-1,567.1,389.4,104.3,261.4,1.0
173,-1,762.0,245.2,202.6,626.5,1.0
173,-1,1084.4,297.9,203.3,512.9,1.0
173,-1,5.6,226.5,187.5,847.0,1.0
173,-1,668.8,347.2,115.1,299.2,1.0
173,-1,1002.0,376.0,85.2,225.6,0.999
175,-1,769.4,249.6,195.1,621.6,1.0
175,-1,1083.5,301.4,206.8,514.7,1.0
175,-1,556.9,387.9,105.0,266.3,1.0
175,-1,657.6,349.2,126.2,298.7,1.0
175,-1,1003.1,368.9,86.4,234.2,1.0
175,-1,1.0,212.7,182.8,867.3,1.0
176,-1,1087.2,303.9,207.9,516.2,1.0
176,-1,769.3,258.2,202.0,618.1,1.0
176,-1,656.7,349.6,131.7,306.2,1.0
176,-1,554.7,383.4,109.0,277.9,1.0
176,-1,1003.3,372.8,90.5,229.6,0.999
176,-1,1.0,229.0,166.9,852.0,0.999
189,-1,795.8,254.9,206.9,598.4,1.0
189,-1,1145.6,291.0,203.4,524.9,1.0
189,-1,551.4,378.1,125.3,310.6,1.0
189,-1,658.6,326.3,151.3,357.6,1.0
189,-1,1032.5,375.8,93.2,226.8,1.0
197,-1,1134.8,296.9,196.4,532.9,1.0
197,-1,795.4,272.5,207.8,612.4,1.0
197,-1,624.4,337.8,163.0,373.2,1.0
197,-1,497.9,375.5,142.7,336.5,1.0
197,-1,1020.4,384.1,89.9,230.2,1.0
198,-1,1129.6,291.0,201.4,542.0,1.0
198,-1,795.6,275.3,210.2,596.3,1.0
198,-1,617.2,337.0,162.9,384.5,1.0
198,-1,1014.7,388.5,89.4,226.6,1.0
198,-1,488.1,389.9,149.0,329.3,1.0
199,-1,1125.7,294.8,198.9,542.7,1.0
199,-1,792.6,279.5,208.3,588.8,1.0
199,-1,609.0,340.9,164.7,387.3,1.0
199,-1,1011.5,391.2,92.4,227.4,1.0
199,-1,477.9,382.9,149.0,336.6,1.0
214,-1,496.2,336.0,206.9,446.9,1.0
214,-1,1091.3,323.8,223.8,543.0,1.0
214,-1,781.1,287.3,200.4,622.3,1.0
214,-1,357.3,392.1,161.2,398.6,1.0
214,-1,998.6,405.6,86.4,226.9,0.999
216,-1,1105.1,323.9,214.8,550.6,1.0
216,-1,775.9,286.2,203.6,611.6,1.0
216,-1,492.1,328.2,208.8,470.7,1.0
216,-1,350.1,390.0,165.0,412.1,1.0
216,-1,999.1,409.2,90.0,225.2,1.0
217,-1,1111.9,322.3,216.2,552.5,1.0
217,-1,489.7,329.5,214.6,473.8,1.0
217,-1,778.8,284.2,203.5,614.5,1.0
217,-1,359.4,389.0,155.0,418.5,1.0
217,-1,1001.8,410.1,88.8,226.3,1.0
220,-1,1135.7,312.9,208.1,550.3,1.0
220,-1,797.7,281.2,202.4,611.4,1.0
220,-1,494.8,324.5,206.7,495.8,1.0
220,-1,1012.4,411.8,85.4,223.1,1.0
220,-1,344.8,392.3,175.5,425.2,1.0
226,-1,829.5,302.4,199.4,587.0,1.0
226,-1,1167.9,322.0,208.6,558.5,1.0
226,-1,486.8,300.6,215.8,533.9,1.0
226,-1,327.2,370.5,186.9,456.6,1.0
226,-1,1036.1,411.3,83.1,227.3,1.0
226,-1,746.8,395.4,111.9,286.4,0.998
228,-1,1172.7,325.0,205.8,561.7,1.0
228,-1,834.4,297.3,201.9,596.8,1.0
228,-1,474.0,298.0,222.9,540.5,1.0
228,-1,318.7,365.3,180.7,479.7,1.0
228,-1,1038.3,414.1,85.3,225.3,1.0
228,-1,742.7,395.4,115.3,292.2,1.0
228,-1,1628.5,945.2,27.8,62.5,0.236
231,-1,1173.9,326.0,205.9,569.5,1.0
231,-1,848.9,303.1,196.2,581.8,1.0
231,-1,288.8,375.7,180.8,487.8,1.0
231,-1,453.8,286.3,235.0,576.9,1.0
231,-1,1040.9,416.3,85.5,226.8,1.0
231,-1,730.5,393.7,123.6,310.5,1.0
231,-1,1632.0,953.4,29.1,69.1,0.987
233,-1,1172.1,312.9,199.4,581.9,1.0
233,-1,846.2,298.8,194.7,601.0,1.0
233,-1,263.8,377.6,186.1,498.2,1.0
233,-1,419.6,280.9,252.4,613.9,1.0
233,-1,1040.1,420.5,82.7,225.2,1.0
233,-1,725.7,396.9,122.7,305.4,1.0
233,-1,1626.2,960.5,27.4,64.9,0.976
239,-1,1142.6,325.3,220.2,569.8,1.0
239,-1,336.7,254.0,269.0,657.7,1.0
239,-1,841.0,313.9,185.7,603.6,1.0
239,-1,697.9,388.2,116.4,330.5,1.0
239,-1,165.5,359.3,210.4,562.6,1.0
239,-1,591.1,406.4,101.8,320.9,0.999
239,-1,1608.7,965.9,29.2,71.0,0.999
239,-1,1025.5,429.4,79.5,218.9,0.999
240,-1,833.4,323.3,189.9,577.5,1.0
240,-1,1139.4,322.0,220.1,581.2,1.0
240,-1,312.6,255.7,280.6,682.7,1.0
240,-1,691.4,385.8,117.0,337.6,1.0
240,-1,141.9,337.4,211.1,595.1,1.0
240,-1,1606.0,967.7,30.6,72.7,1.0
240,-1,580.0,405.1,105.5,316.6,0.999
240,-1,1020.3,430.5,78.2,223.5,0.998
241,-1,829.6,328.3,185.7,587.2,1.0
241,-1,1131.9,322.5,221.2,585.4,1.0
241,-1,294.8,259.8,286.3,685.6,1.0
241,-1,127.7,339.1,209.7,594.7,1.0
241,-1,685.5,388.0,121.2,332.8,1.0
241,-1,570.5,402.4,109.5,325.2,1.0
241,-1,1602.2,969.4,29.2,75.6,0.999
241,-1,1017.6,431.6,80.2,230.3,0.997
243,-1,815.7,318.9,192.7,573.5,1.0
243,-1,1119.4,335.3,228.4,572.4,1.0
243,-1,250.0,233.4,314.5,713.9,1.0
243,-1,670.3,391.3,123.2,344.8,1.0
243,-1,83.7,336.6,229.8,622.1,1.0
243,-1,548.1,397.4,115.6,350.3,0.999
243,-1,1011.4,433.0,77.3,226.5,0.998
243,-1,1594.2,972.1,29.8,73.4,0.996
256,-1,1121.3,345.7,216.9,577.9,1.0
256,-1,778.4,338.1,203.0,596.5,1.0
256,-1,600.4,399.3,147.0,396.9,1.0
256,-1,463.4,411.0,141.0,405.7,1.0
256,-1,27.9,186.1,376.7,894.9,1.0
256,-1,1586.0,987.6,27.1,65.9,0.999
256,-1,1765.1,1002.5,37.2,78.5,0.981
256,-1,1790.5,1002.8,26.8,78.2,0.086
256,-1,1556.8,982.9,25.8,62.2,0.061
258,-1,791.1,345.2,209.2,589.2,1.0
258,-1,1127.4,335.9,219.9,595.2,1.0
258,-1,457.8,410.5,149.0,417.6,1.0
258,-1,1.0,186.7,388.6,894.3,1.0
258,-1,589.9,401.4,157.1,405.0,1.0
258,-1,1594.8,983.9,28.3,69.0,1.0
258,-1,1773.1,1008.9,40.0,72.1,0.967
258,-1,1556.9,980.8,22.5,56.8,0.082
276,-1,791.7,295.7,181.9,556.7,1.0
276,-1,1131.8,289.7,222.4,597.8,1.0
276,-1,489.2,306.4,208.4,528.4,1.0
276,-1,686.8,432.4,50.1,144.4,1.0
276,-1,293.3,314.0,187.9,545.8,1.0
276,-1,987.3,380.2,145.0,387.2,1.0
276,-1,1740.3,984.3,39.2,96.7,0.999
276,-1,1567.2,945.0,28.4,73.3,0.94
276,-1,1582.5,944.5,29.2,72.6,0.128
277,-1,480.9,306.3,210.0,525.7,1.0
277,-1,776.8,279.5,189.2,577.3,1.0
277,-1,1118.5,284.3,227.6,604.1,1.0
277,-1,1733.4,981.6,38.8,99.2,1.0
277,-1,279.8,307.7,195.9,546.7,1.0
277,-1,986.3,372.6,142.0,392.7,1.0
277,-1,680.0,427.0,50.7,139.1,0.999
277,-1,1560.2,932.2,27.1,76.0,0.065
279,-1,468.1,295.3,206.0,528.1,1.0
279,-1,1112.3,272.8,235.4,600.4,1.0
279,-1,765.8,267.2,187.5,574.1,1.0
279,-1,1722.6,967.3,38.2,99.0,1.0
279,-1,262.0,273.6,187.5,584.9,1.0
279,-1,981.3,345.2,144.9,408.9,1.0
279,-1,669.2,411.4,51.3,144.6,1.0
283,-1,449.7,229.5,222.4,579.0,1.0
283,-1,1716.1,936.3,36.4,87.9,1.0
283,-1,756.7,230.0,191.2,575.6,1.0
283,-1,1116.4,241.0,231.1,592.9,1.0
283,-1,221.4,232.1,207.9,614.3,1.0
283,-1,976.5,299.6,160.2,432.8,1.0
283,-1,663.8,379.9,49.7,145.6,1.0
285,-1,436.7,210.7,235.5,595.2,1.0
285,-1,758.6,213.4,189.9,572.2,1.0
285,-1,1127.3,213.1,226.4,622.2,1.0
285,-1,197.8,211.0,220.3,650.9,1.0
285,-1,983.9,274.1,158.6,455.0,1.0
285,-1,1720.2,924.4,35.6,78.7,1.0
285,-1,664.4,365.1,50.2,141.1,1.0
290,-1,416.9,149.2,240.2,668.1,1.0
290,-1,134.4,167.5,250.5,683.7,1.0
290,-1,776.8,203.5,198.4,564.1,1.0
290,-1,1740.6,899.6,36.9,78.7,1.0
290,-1,1160.5,183.3,229.3,617.7,1.0
290,-1,1016.0,242.3,168.1,489.2,1.0
290,-1,680.1,334.2,51.0,143.3,0.999
290,-1,737.7,295.3,77.4,257.0,0.528
295,-1,1047.8,214.0,183.8,535.7,1.0
295,-1,1220.2,174.0,210.8,628.0,1.0
295,-1,820.8,183.6,182.3,558.8,1.0
295,-1,385.8,134.4,273.2,727.9,1.0
295,-1,51.8,138.1,298.1,760.3,1.0
295,-1,1776.7,900.6,36.4,78.3,1.0
295,-1,707.9,317.9,47.7,149.2,0.999
295,-1,748.1,283.5,97.2,272.3,0.996
298,-1,840.3,185.1,184.6,567.3,1.0
298,-1,1068.4,204.6,187.4,558.5,1.0
298,-1,374.5,120.2,283.6,770.2,1.0
298,-1,1245.8,170.5,208.2,634.8,1.0
298,-1,22.4,115.8,314.0,847.3,1.0
298,-1,764.0,278.4,102.2,273.7,1.0
298,-1,725.9,319.3,49.9,152.3,0.996
298,-1,1796.2,905.6,40.4,76.2,0.996
301,-1,847.9,178.1,184.8,569.9,1.0
301,-1,1259.0,174.8,211.5,647.4,1.0
301,-1,1077.3,197.4,202.8,593.7,1.0
301,-1,339.6,96.3,317.8,821.0,1.0
301,-1,1.0,92.9,307.8,885.0,1.0
301,-1,736.0,320.8,51.5,145.7,1.0
301,-1,775.8,281.8,100.7,275.9,0.999
301,-1,1830.4,911.9,33.6,89.0,0.859
301,-1,1783.3,918.4,30.1,66.3,0.498
301,-1,1759.4,914.4,32.1,74.1,0.297
312,-1,819.8,176.9,200.5,574.1,1.0
312,-1,1101.6,168.2,243.8,721.7,1.0
312,-1,147.2,1.0,415.9,1080.0,1.0
312,-1,734.5,330.4,50.9,145.9,0.999
312,-1,1823.2,922.6,37.6,75.6,0.999
312,-1,990.0,217.6,111.4,425.5,0.995
312,-1,1271.4,166.2,207.0,657.2,0.983
337,-1,822.7,197.6,190.3,559.2,1.0
337,-1,1161.2,335.2,62.1,192.9,1.0
337,-1,695.0,265.3,128.6,351.2,1.0
337,-1,982.6,231.3,130.1,428.6,1.0
337,-1,1352.8,1.0,507.8,1080.0,1.0
337,-1,1242.8,175.3,269.8,679.3,0.695
357,-1,1128.4,138.9,290.0,733.7,1.0
357,-1,547.8,235.2,147.6,412.3,1.0
357,-1,781.0,181.1,184.5,551.7,1.0
357,-1,1033.5,320.1,76.7,194.8,0.999
357,-1,930.7,211.2,119.4,443.6,0.997
357,-1,692.6,204.7,141.3,455.4,0.997
359,-1,1121.0,149.3,280.9,718.8,1.0
359,-1,528.6,229.5,147.9,427.3,1.0
359,-1,775.3,175.5,180.5,559.1,1.0
359,-1,910.0,215.1,126.0,440.2,0.999
359,-1,1016.1,317.0,78.5,197.0,0.999
359,-1,670.6,200.2,155.2,466.4,0.997
367,-1,1092.3,148.9,289.4,692.5,1.0
367,-1,597.0,193.9,170.8,493.6,1.0
367,-1,757.7,191.2,174.5,540.6,1.0
367,-1,450.2,223.7,173.5,470.4,1.0
367,-1,971.6,318.7,83.0,201.1,0.999
370,-1,1098.1,150.7,270.2,708.7,1.0
370,-1,751.3,194.8,178.3,562.3,1.0
370,-1,583.9,192.9,176.6,505.7,1.0
370,-1,430.0,220.8,175.0,488.5,1.0
370,-1,972.1,322.8,79.7,198.4,0.999
379,-1,1116.2,165.5,246.2,754.2,1.0
379,-1,542.2,190.3,204.1,576.2,1.0
379,-1,773.7,211.6,177.9,547.0,1.0
379,-1,379.0,223.1,190.0,527.9,1.0
379,-1,982.8,342.9,87.8,203.2,1.0
381,-1,1116.0,148.6,256.3,771.0,1.0
381,-1,773.9,217.5,177.4,537.8,1.0
381,-1,529.2,174.9,215.4,600.0,1.0
381,-1,367.5,209.5,196.1,558.3,1.0
381,-1,984.4,341.7,90.6,211.8,0.999
383,-1,1107.4,159.5,254.7,757.7,1.0
383,-1,520.4,169.4,223.8,618.5,1.0
383,-1,774.4,213.8,183.2,555.5,1.0
383,-1,353.3,210.2,200.6,546.9,1.0
383,-1,982.7,342.2,93.2,213.1,0.999
383,-1,733.7,321.2,67.4,214.2,0.064
386,-1,499.9,166.4,234.0,633.7,1.0
386,-1,1091.1,159.4,271.1,740.5,1.0
386,-1,767.6,225.0,189.5,537.8,1.0
386,-1,334.4,207.0,197.6,566.8,1.0
386,-1,980.6,344.9,89.9,209.4,0.999
386,-1,726.9,321.1,78.9,216.4,0.753
391,-1,475.1,156.5,238.0,672.2,1.0
391,-1,1060.2,155.6,296.5,767.6,1.0
391,-1,766.0,218.3,178.9,539.5,1.0
391,-1,268.2,169.1,233.7,623.9,1.0
391,-1,977.3,343.5,87.8,209.0,0.999
391,-1,710.1,316.8,82.8,220.8,0.996
399,-1,1040.8,146.2,313.0,798.3,1.0
399,-1,141.9,162.9,290.1,695.1,1.0
399,-1,741.7,216.3,180.3,540.8,1.0
399,-1,424.8,97.6,261.8,761.7,1.0
399,-1,689.9,304.1,84.3,227.0,0.907
399,-1,876.9,243.5,103.6,424.8,0.499
399,-1,967.4,339.2,93.5,212.2,0.303
406,-1,1061.4,141.7,300.3,798.0,1.0
406,-1,59.1,116.0,301.0,802.1,1.0
406,-1,351.2,53.7,343.1,877.8,1.0
406,-1,710.5,216.4,190.0,537.6,1.0
406,-1,971.7,339.3,95.2,221.1,0.999
406,-1,855.1,239.4,130.3,437.9,0.996
412,-1,1098.5,151.1,286.7,800.5,1.0
412,-1,739.3,217.9,173.1,552.0,1.0
412,-1,326.8,57.7,351.9,957.5,1.0
412,-1,12.6,88.7,336.9,883.8,1.0
412,-1,999.7,344.3,99.7,222.5,0.999
412,-1,877.4,242.4,130.5,437.5,0.997
412,-1,644.6,342.7,64.2,215.2,0.056
418,-1,1121.2,148.4,279.9,824.5,1.0
418,-1,744.9,220.6,175.8,531.6,1.0
418,-1,251.3,1.0,396.4,1070.5,1.0
418,-1,890.2,241.5,143.0,434.8,1.0
418,-1,1027.6,336.8,100.6,229.7,1.0
418,-1,647.6,343.0,84.4,201.5,0.999
418,-1,1.0,32.0,265.5,1019.6,0.998
427,-1,1081.7,144.0,327.1,822.7,1.0
427,-1,622.5,331.3,91.0,221.8,1.0
427,-1,719.4,208.9,184.3,548.3,1.0
427,-1,61.2,1.0,513.7,1080.0,1.0
427,-1,886.8,235.6,141.2,450.7,1.0
427,-1,1029.4,328.1,85.4,234.7,0.191
429,-1,1071.4,128.9,333.2,835.6,1.0
429,-1,712.1,206.0,177.9,549.5,1.0
429,-1,609.5,329.9,97.6,221.6,1.0
429,-1,8.2,1.0,550.8,1080.0,1.0
429,-1,888.5,240.6,138.5,428.5,1.0
429,-1,532.6,321.1,64.1,199.9,0.997
433,-1,1061.1,130.5,342.0,852.0,1.0
433,-1,685.3,209.6,177.6,531.7,1.0
433,-1,884.7,234.6,134.3,436.4,1.0
433,-1,1.0,1.0,498.2,1080.0,1.0
433,-1,594.5,324.3,98.4,231.1,1.0
433,-1,518.7,320.1,63.4,192.9,0.998
438,-1,671.9,198.2,170.8,524.7,1.0
438,-1,1064.7,122.3,358.2,825.4,1.0
438,-1,884.8,220.6,134.4,442.0,1.0
438,-1,508.6,309.9,65.5,198.9,1.0
438,-1,586.6,312.8,100.3,244.5,0.999
438,-1,1.0,1.0,392.7,1080.0,0.41
439,-1,662.0,200.1,182.3,529.0,1.0
439,-1,1075.9,118.4,356.3,842.6,1.0
439,-1,508.2,309.4,65.3,198.5,1.0
439,-1,880.8,223.7,134.3,441.1,1.0
439,-1,581.6,308.9,101.4,249.9,1.0
439,-1,6.7,1.0,351.0,1080.0,0.676
443,-1,1090.3,131.5,344.4,819.1,1.0
443,-1,672.0,205.7,173.4,513.7,1.0
443,-1,897.3,225.4,135.8,438.8,1.0
443,-1,510.1,313.7,64.7,200.0,1.0
443,-1,577.1,307.8,107.7,253.9,0.999
443,-1,822.7,298.1,71.6,232.1,0.089
448,-1,1131.9,141.2,330.3,826.2,1.0
448,-1,690.1,203.4,178.3,522.5,1.0
448,-1,916.5,221.2,139.0,439.6,1.0
448,-1,534.0,310.6,63.6,204.8,1.0
448,-1,588.4,307.4,109.4,259.6,1.0
448,-1,1028.8,304.2,91.8,245.7,0.888
448,-1,1094.5,312.9,73.3,241.9,0.32
448,-1,846.2,286.8,79.4,247.0,0.08
534,-1,1246.7,53.1,369.4,977.5,1.0
534,-1,889.7,206.4,164.9,489.5,1.0
534,-1,370.3,76.3,310.2,792.0,1.0
534,-1,172.9,200.9,256.8,682.0,1.0
534,-1,1138.8,274.0,133.8,319.3,0.999
872,-1,804.1,161.1,167.6,477.3,1.0
872,-1,1403.0,275.5,39.1,124.1,1.0
872,-1,978.1,119.8,158.4,531.6,1.0
872,-1,1860.9,272.0,40.0,99.2,1.0
872,-1,1179.7,211.3,99.9,345.8,1.0
872,-1,1801.0,266.9,38.9,117.9,1.0
872,-1,1625.4,276.5,35.2,104.6,1.0
872,-1,161.9,22.4,557.1,1058.6,0.999
872,-1,1332.1,290.7,27.1,88.3,0.965
872,-1,1459.2,293.3,27.1,69.0,0.965
872,-1,1363.8,292.3,28.6,85.4,0.949
872,-1,1424.0,279.4,35.4,104.3,0.098
807,-1,1017.8,177.1,323.7,724.3,1.0
807,-1,886.7,184.2,157.7,532.5,1.0
807,-1,641.8,265.9,144.9,457.8,0.999
807,-1,508.0,255.9,158.3,446.0,0.766
807,-1,1.0,6.5,511.6,1074.5,0.65
766,-1,969.5,232.7,163.7,401.3,1.0
766,-1,278.6,9.4,426.2,992.4,1.0
766,-1,836.2,168.1,158.3,517.1,1.0
766,-1,706.6,199.4,171.7,457.4,0.999
770,-1,969.6,240.7,191.5,403.4,1.0
770,-1,221.2,11.6,437.2,995.4,1.0
770,-1,839.2,161.9,156.2,521.2,1.0
770,-1,712.1,198.2,164.4,453.4,0.999
770,-1,626.6,269.6,119.5,346.3,0.9
458,-1,625.1,291.4,112.2,283.0,1.0
458,-1,1198.8,139.9,325.5,822.3,1.0
458,-1,762.8,203.7,168.9,527.0,1.0
458,-1,985.0,215.4,133.6,453.5,1.0
458,-1,1087.4,305.2,99.3,248.6,0.964
458,-1,919.0,291.6,64.9,239.5,0.107
814,-1,1080.9,116.1,303.5,861.7,1.0
814,-1,227.3,66.3,279.8,833.2,1.0
814,-1,637.6,252.0,160.1,496.1,1.0
814,-1,893.8,174.6,159.9,539.9,1.0
814,-1,784.6,215.1,163.8,456.4,0.999
814,-1,491.7,226.7,173.7,529.5,0.998
836,-1,583.0,218.9,225.3,659.7,1.0
836,-1,940.8,180.2,165.2,534.2,1.0
836,-1,778.5,219.0,194.8,460.7,1.0
836,-1,349.0,200.5,235.3,729.6,0.999
836,-1,1113.5,294.8,106.3,287.7,0.999
836,-1,1.0,1.0,402.1,1080.0,0.996
836,-1,1237.4,7.4,683.6,1073.6,0.988
701,-1,765.8,329.4,119.4,304.7,1.0
701,-1,413.9,271.9,142.1,518.5,1.0
701,-1,1102.9,35.3,479.2,1045.7,1.0
701,-1,1489.3,82.6,431.7,998.4,1.0
701,-1,915.4,284.3,159.3,430.9,0.997
701,-1,868.2,337.4,64.3,262.0,0.584
511,-1,1211.5,105.5,347.4,902.7,1.0
511,-1,521.2,171.9,198.4,550.6,1.0
511,-1,855.2,225.2,177.8,496.1,1.0
511,-1,376.8,253.6,186.7,467.4,1.0
511,-1,1099.5,289.8,121.9,309.0,0.999
541,-1,1262.1,42.3,391.1,1007.6,1.0
541,-1,282.7,44.4,338.3,895.7,1.0
541,-1,890.0,217.5,164.9,484.6,1.0
541,-1,1129.1,271.4,129.9,326.7,1.0
541,-1,60.0,176.9,284.4,749.4,1.0
541,-1,578.8,298.8,80.5,244.0,0.997
503,-1,1205.8,113.8,348.4,946.8,1.0
503,-1,598.3,202.9,181.2,501.2,1.0
503,-1,857.3,220.5,182.5,517.6,1.0
503,-1,455.9,272.0,173.4,430.8,1.0
503,-1,993.8,234.1,138.8,455.1,1.0
503,-1,1124.4,312.2,115.9,296.4,0.997
848,-1,1453.2,179.9,287.5,795.0,1.0
848,-1,1181.6,267.4,103.9,307.2,1.0
848,-1,579.7,147.4,267.0,847.9,1.0
848,-1,984.2,152.5,170.3,531.3,1.0
848,-1,289.7,91.6,307.9,905.6,1.0
848,-1,817.6,178.9,202.8,475.6,1.0
848,-1,1419.9,325.2,42.5,118.4,0.982
848,-1,1743.2,329.1,37.8,115.8,0.978
848,-1,1378.1,340.3,27.1,96.0,0.962
848,-1,12.4,6.3,273.4,1074.7,0.39
848,-1,1344.3,353.0,21.2,72.9,0.161
876,-1,1405.1,277.8,40.3,119.9,1.0
876,-1,801.7,166.0,169.0,464.1,1.0
876,-1,1629.1,276.4,34.9,106.8,1.0
876,-1,976.2,130.3,159.9,523.3,1.0
876,-1,1182.4,211.5,104.3,358.8,1.0
876,-1,1137.7,285.6,45.6,117.7,0.999
876,-1,1816.8,267.3,41.8,121.9,0.998
876,-1,1.0,9.8,655.1,1071.2,0.998
876,-1,1862.3,271.3,38.6,104.2,0.998
876,-1,1454.9,295.9,27.1,63.2,0.958
876,-1,1366.9,293.8,27.3,84.0,0.952
876,-1,1334.5,292.4,26.1,88.3,0.949
876,-1,1319.4,294.0,24.6,89.5,0.394
876,-1,604.9,180.1,149.8,475.9,0.256
876,-1,1482.8,299.2,22.8,56.6,0.052
514,-1,1204.1,68.7,365.5,927.3,1.0
514,-1,340.0,246.6,205.1,489.1,1.0
514,-1,500.0,147.9,195.3,598.5,1.0
514,-1,1098.2,280.8,115.8,304.7,1.0
514,-1,856.9,208.6,168.4,498.6,1.0
555,-1,1278.9,45.2,346.6,998.0,1.0
555,-1,838.4,214.9,162.1,493.3,1.0
555,-1,523.6,290.9,78.6,275.6,1.0
555,-1,1.0,1.0,416.2,1080.0,1.0
555,-1,1026.8,283.3,129.7,359.3,0.996
500,-1,1207.9,111.8,347.6,942.5,1.0
500,-1,622.5,208.0,173.4,492.4,1.0
500,-1,852.3,228.3,186.7,503.9,1.0
500,-1,482.9,275.4,173.5,415.0,1.0
500,-1,999.9,238.1,144.5,452.5,1.0
500,-1,1127.8,306.1,121.7,306.8,0.897
809,-1,1031.8,144.3,312.7,769.0,1.0
809,-1,498.8,248.3,180.4,491.3,1.0
809,-1,880.2,198.8,169.0,506.9,0.999
809,-1,643.5,258.8,145.7,474.0,0.996
809,-1,784.9,213.2,173.0,451.4,0.987
835,-1,931.6,179.6,172.0,535.6,1.0
835,-1,578.0,239.3,228.3,629.4,1.0
835,-1,767.2,212.9,196.7,459.2,1.0
835,-1,351.2,198.5,230.3,724.7,1.0
835,-1,1157.1,25.6,763.9,1055.4,0.999
835,-1,1.0,1.0,408.7,1080.0,0.999
835,-1,1106.8,296.6,106.7,295.5,0.934
584,-1,1434.9,80.7,436.4,1000.3,1.0
584,-1,1138.5,295.7,141.9,367.4,1.0
584,-1,575.9,301.3,84.0,307.3,1.0
584,-1,868.0,252.3,153.1,474.3,1.0
584,-1,1004.9,243.1,141.6,473.2,0.999
584,-1,5.1,366.3,36.2,188.4,0.078
877,-1,1404.8,279.8,39.3,116.9,1.0
877,-1,799.1,170.3,173.3,466.7,1.0
877,-1,1629.7,277.0,34.3,105.6,1.0
877,-1,1136.4,285.8,48.0,120.4,1.0
877,-1,973.4,136.3,161.6,529.6,1.0
877,-1,1182.4,209.0,104.6,362.4,1.0
877,-1,1820.1,268.7,40.8,122.4,0.998
877,-1,1.9,31.3,642.1,1049.7,0.998
877,-1,1861.1,272.4,37.7,106.0,0.997
877,-1,1457.1,296.3,27.5,62.8,0.97
877,-1,1365.6,294.1,27.4,83.4,0.955
877,-1,1333.7,292.3,26.0,89.0,0.954
877,-1,572.5,161.1,180.5,493.4,0.856
877,-1,1320.3,293.5,25.3,89.8,0.549
877,-1,1484.0,299.0,22.4,58.4,0.153
679,-1,1064.4,240.4,289.3,768.8,1.0
679,-1,724.1,382.5,98.7,269.2,1.0
679,-1,408.5,343.5,121.3,463.1,1.0
679,-1,824.4,325.4,178.9,450.1,1.0
679,-1,1308.9,234.6,212.8,708.3,0.999
679,-1,1440.0,261.9,229.7,615.5,0.99
679,-1,959.5,289.9,158.8,505.5,0.986
815,-1,228.8,45.1,274.5,853.9,1.0
815,-1,1090.2,108.5,302.6,895.0,1.0
815,-1,895.4,175.2,158.3,541.1,1.0
815,-1,637.3,251.1,163.1,502.9,1.0
815,-1,492.1,223.9,165.4,538.2,0.999
815,-1,783.7,217.1,162.9,454.4,0.999
870,-1,1402.1,273.0,38.3,119.8,1.0
870,-1,978.8,115.0,161.0,517.6,1.0
870,-1,795.6,141.0,179.4,482.7,1.0
870,-1,1173.9,199.7,104.2,353.8,1.0
870,-1,1623.0,274.5,36.3,105.1,0.999
870,-1,230.6,13.9,539.9,1067.1,0.999
870,-1,1331.1,290.1,26.7,85.9,0.97
870,-1,1359.1,289.0,26.9,91.3,0.95
870,-1,1455.1,292.7,28.2,63.7,0.946
870,-1,14.0,1.0,273.3,1080.0,0.249
870,-1,1799.3,269.7,43.0,133.0,0.092
800,-1,1004.8,179.9,273.8,626.9,1.0
800,-1,636.4,269.6,134.5,426.0,1.0
800,-1,857.8,192.8,165.1,523.3,1.0
800,-1,1.0,1.5,621.2,1079.5,1.0
800,-1,751.2,207.5,159.1,462.3,0.67
562,-1,1292.1,50.4,328.9,1004.4,1.0
562,-1,530.7,303.8,80.6,274.2,1.0
562,-1,1609.3,291.3,135.8,397.8,1.0
562,-1,819.2,223.2,166.1,480.3,1.0
562,-1,943.1,209.6,144.8,474.4,1.0
562,-1,1080.5,276.3,164.4,377.9,0.999
759,-1,829.0,167.5,160.5,525.7,1.0
759,-1,419.9,20.8,361.2,888.4,1.0
759,-1,1037.2,227.3,129.1,358.7,0.999
759,-1,967.7,250.2,120.9,350.6,0.998
626,-1,551.6,339.9,93.5,352.3,1.0
626,-1,835.5,296.8,166.9,471.7,1.0
626,-1,988.2,290.7,147.7,477.2,1.0
626,-1,1330.9,304.4,121.6,480.9,1.0
626,-1,1093.8,333.1,139.7,411.2,0.999
626,-1,1686.5,126.4,234.5,954.6,0.83
715,-1,880.4,41.2,337.1,1027.6,1.0
715,-1,353.4,189.8,161.7,567.9,1.0
715,-1,752.3,253.2,133.0,351.2,1.0
715,-1,1279.4,1.0,641.6,1080.0,0.968
798,-1,990.6,174.1,260.3,608.4,1.0
798,-1,25.9,3.8,585.1,1077.2,1.0
798,-1,840.3,178.2,170.2,530.3,1.0
798,-1,631.9,258.7,130.7,424.7,0.997
798,-1,747.0,201.5,155.9,465.2,0.087
705,-1,754.3,310.2,123.1,322.7,1.0
705,-1,392.6,251.5,145.7,531.0,1.0
705,-1,1150.4,1.0,464.8,1080.0,0.999
705,-1,1506.6,51.5,414.4,1029.5,0.999
705,-1,1002.7,159.2,244.6,794.2,0.998
705,-1,927.2,253.2,133.0,451.9,0.241
705,-1,861.3,333.5,61.7,245.8,0.066
553,-1,1273.0,46.3,359.5,1022.0,1.0
553,-1,528.7,284.3,78.5,277.3,1.0
553,-1,843.5,212.5,167.6,488.5,1.0
553,-1,9.8,1.0,433.1,1080.0,1.0
553,-1,1029.0,279.1,117.3,347.5,0.882
554,-1,1268.8,51.6,364.8,1005.0,1.0
554,-1,524.8,288.4,78.6,273.0,1.0
554,-1,840.4,216.9,162.5,489.8,1.0
554,-1,1.0,1.0,433.1,1080.0,1.0
554,-1,1036.9,275.7,121.0,353.6,0.977
722,-1,728.2,1.0,388.8,1080.0,1.0
722,-1,322.1,170.0,174.4,596.0,1.0
722,-1,1057.2,166.1,156.2,498.2,0.999
722,-1,1246.0,305.9,71.2,219.3,0.256
900,-1,834.3,146.5,172.9,526.0,1.0
900,-1,214.9,63.6,333.6,767.2,1.0
900,-1,1753.1,310.5,50.3,126.5,1.0
900,-1,662.4,176.1,181.8,470.8,1.0
900,-1,1092.9,217.6,127.4,398.6,1.0
900,-1,1513.5,316.9,35.4,103.8,1.0
900,-1,1039.6,307.5,48.4,124.6,1.0
900,-1,1304.4,314.4,39.0,113.3,1.0
900,-1,1819.5,312.3,39.1,115.8,1.0
900,-1,1683.2,327.1,39.3,95.7,0.998
900,-1,1257.1,321.2,32.6,99.7,0.976
900,-1,1218.2,327.6,30.0,93.4,0.802
900,-1,1723.7,324.0,27.9,90.3,0.398
900,-1,1361.6,336.0,24.6,68.9,0.382
900,-1,1333.1,323.6,32.6,87.3,0.249
508,-1,1201.3,112.0,367.8,944.7,1.0
508,-1,550.6,180.6,197.7,525.9,1.0
508,-1,408.6,255.8,177.4,448.1,1.0
508,-1,857.7,230.1,177.7,498.1,1.0
508,-1,1114.1,298.2,116.5,298.0,0.999
508,-1,978.2,228.9,142.9,462.8,0.996
753,-1,408.8,145.3,234.4,557.8,1.0
753,-1,586.5,24.3,361.6,904.7,1.0
753,-1,1026.9,222.3,126.0,342.8,0.998
753,-1,962.4,241.1,108.2,338.2,0.997
753,-1,841.5,129.4,142.0,565.2,0.696
673,-1,425.4,345.8,115.7,449.8,1.0
673,-1,1073.2,263.7,241.8,704.2,1.0
673,-1,724.7,387.6,95.8,261.1,1.0
673,-1,828.3,326.5,172.1,447.9,1.0
673,-1,1428.6,260.8,206.4,614.7,1.0
673,-1,1267.2,248.2,203.2,649.1,0.999
673,-1,948.6,298.4,164.1,497.4,0.998
662,-1,492.8,360.0,105.5,417.2,1.0
662,-1,1099.3,295.4,213.2,590.6,1.0
662,-1,847.1,326.3,172.4,461.6,1.0
662,-1,1294.9,291.3,179.8,571.3,1.0
662,-1,1445.2,282.6,170.7,581.9,1.0
662,-1,774.8,398.6,89.6,239.6,1.0
662,-1,992.9,302.4,151.2,500.8,0.997
806,-1,1012.9,165.3,315.7,729.2,1.0
806,-1,875.7,197.2,168.6,528.4,1.0
806,-1,640.5,268.0,144.2,449.4,0.999
806,-1,1.0,17.5,554.1,1063.5,0.968
806,-1,518.7,260.0,138.3,430.6,0.062
806,-1,784.7,227.1,165.0,444.3,0.062
664,-1,477.0,353.0,107.8,428.0,1.0
664,-1,1443.5,281.4,174.8,589.1,1.0
664,-1,839.9,328.5,168.6,451.9,1.0
664,-1,1090.2,282.4,216.6,607.0,1.0
664,-1,760.2,396.7,88.7,241.2,1.0
664,-1,1283.8,281.0,190.1,589.1,1.0
664,-1,979.3,306.0,156.6,500.1,0.998
741,-1,588.6,169.2,181.6,459.6,1.0
741,-1,947.7,66.7,220.1,765.2,1.0
741,-1,808.0,169.2,161.9,451.4,1.0
741,-1,1142.7,290.3,80.5,228.4,0.999
622,-1,865.0,306.6,154.7,454.1,1.0
622,-1,570.4,339.9,95.2,346.5,1.0
622,-1,1329.6,309.4,129.9,468.0,1.0
622,-1,1010.2,284.8,154.6,488.5,1.0
622,-1,1103.7,342.4,121.0,404.7,0.22
622,-1,1681.1,121.4,239.9,959.6,0.197
548,-1,1274.5,64.3,367.5,979.7,1.0
548,-1,556.9,281.4,76.9,268.4,1.0
548,-1,125.0,1.0,395.8,1045.1,1.0
548,-1,872.2,203.4,163.8,494.3,1.0
548,-1,1091.2,267.1,128.7,346.3,1.0
548,-1,7.1,131.8,192.3,818.4,0.751
897,-1,837.8,140.6,177.3,528.5,1.0
897,-1,246.7,69.7,320.1,715.6,1.0
897,-1,675.2,170.8,176.3,473.6,1.0
897,-1,1514.5,315.4,35.0,105.7,1.0
897,-1,1302.0,309.0,38.0,119.8,1.0
897,-1,1747.0,307.7,53.9,123.7,1.0
897,-1,1814.7,313.4,39.8,116.0,1.0
897,-1,1041.3,302.5,46.7,129.8,1.0
897,-1,1095.3,214.7,128.4,401.0,0.999
897,-1,1682.8,323.2,35.5,98.3,0.988
897,-1,1266.0,317.2,29.6,96.7,0.976
897,-1,1250.8,317.9,27.7,97.3,0.946
897,-1,1341.8,318.9,29.9,69.3,0.724
897,-1,1363.2,327.9,25.8,59.9,0.446
897,-1,610.2,253.6,57.1,218.9,0.324
897,-1,1326.4,319.2,30.7,83.0,0.316
897,-1,1731.7,317.4,33.9,106.0,0.122
454,-1,1179.6,143.9,321.1,817.0,1.0
454,-1,731.4,196.6,174.6,529.9,1.0
454,-1,954.7,223.0,138.9,441.6,1.0
454,-1,606.4,301.8,111.2,273.1,1.0
454,-1,575.3,313.1,58.7,208.6,0.495
454,-1,1142.2,321.9,77.3,243.2,0.288
697,-1,1086.1,90.1,440.4,990.9,1.0
697,-1,423.7,297.1,138.4,498.2,1.0
697,-1,765.2,334.6,118.1,311.4,1.0
697,-1,1451.8,99.9,432.2,981.1,1.0
697,-1,906.1,294.4,173.0,427.2,1.0
851,-1,1481.5,156.4,330.0,875.4,1.0
851,-1,982.6,142.7,168.4,528.0,1.0
851,-1,546.8,119.6,298.7,919.3,1.0
851,-1,1179.3,259.8,103.0,305.5,1.0
851,-1,1420.1,315.5,37.0,119.8,1.0
851,-1,824.7,172.6,192.4,469.6,1.0
851,-1,253.7,56.8,315.6,1001.8,1.0
851,-1,1367.7,333.4,25.9,80.6,0.955
851,-1,1393.1,326.7,25.8,86.8,0.932
851,-1,1354.7,333.5,22.1,78.1,0.897
851,-1,1459.2,324.0,22.5,79.9,0.356
489,-1,1217.4,130.5,359.7,904.0,1.0
489,-1,659.6,207.1,155.7,437.7,1.0
489,-1,832.4,200.4,171.2,518.6,1.0
489,-1,531.8,267.7,151.8,366.6,1.0
489,-1,1000.1,225.6,137.2,448.8,1.0
489,-1,1116.1,293.0,110.7,283.6,0.999
474,-1,1178.5,108.5,360.1,875.9,1.0
474,-1,757.4,171.3,178.1,531.2,1.0
474,-1,567.0,262.8,129.8,306.9,1.0
474,-1,980.1,192.3,149.0,455.7,1.0
474,-1,663.1,199.9,130.3,385.8,0.999
474,-1,1091.6,268.4,89.2,276.5,0.085
635,-1,810.7,317.8,190.9,458.3,1.0
635,-1,520.4,350.6,95.8,359.5,1.0
635,-1,967.4,286.1,150.3,480.2,1.0
635,-1,1106.5,327.6,138.3,436.1,0.999
635,-1,1241.6,313.5,153.1,459.2,0.999
635,-1,1335.5,296.0,135.4,499.5,0.998
635,-1,1691.1,97.5,229.9,983.5,0.235
671,-1,433.0,345.2,112.6,442.0,1.0
671,-1,1065.2,272.2,244.2,670.6,1.0
671,-1,727.6,391.0,91.3,254.2,1.0
671,-1,828.2,327.9,173.2,443.6,1.0
671,-1,1426.8,272.2,209.0,606.0,1.0
671,-1,1265.1,256.1,200.8,635.0,1.0
671,-1,954.4,299.0,155.4,492.0,0.997
552,-1,1274.9,51.7,367.1,1009.1,1.0
552,-1,533.3,282.0,77.5,275.1,1.0
552,-1,25.9,1.0,435.4,1080.0,1.0
552,-1,850.8,208.6,163.1,492.2,1.0
552,-1,1063.1,275.4,126.3,349.0,0.992
617,-1,881.7,286.4,147.0,482.3,1.0
617,-1,587.8,333.7,95.3,341.8,1.0
617,-1,1322.8,308.7,129.5,453.8,1.0
617,-1,1034.5,283.5,144.0,485.3,1.0
617,-1,1178.5,369.6,78.3,239.5,0.998
617,-1,1669.5,89.0,251.5,992.0,0.815
847,-1,1451.9,179.7,284.6,791.6,1.0
847,-1,985.3,158.1,170.7,522.6,1.0
847,-1,1177.5,271.5,106.4,303.1,1.0
847,-1,577.6,159.6,274.9,829.6,1.0
847,-1,825.5,186.9,198.4,466.3,1.0
847,-1,303.6,101.8,293.7,902.5,1.0
847,-1,1739.0,329.8,38.0,118.5,0.998
847,-1,1375.2,342.5,28.0,95.9,0.961
847,-1,1351.5,351.0,21.4,80.3,0.47
847,-1,1425.1,327.6,34.6,117.4,0.371
847,-1,10.0,18.2,283.0,1062.8,0.208
847,-1,1767.6,341.0,32.5,96.9,0.194
885,-1,1825.3,268.1,44.9,125.8,1.0
885,-1,1391.8,278.8,39.3,119.8,1.0
885,-1,480.3,142.8,237.7,550.2,1.0
885,-1,938.4,120.7,171.5,520.5,1.0
885,-1,773.8,141.5,172.7,491.5,1.0
885,-1,1610.0,279.1,34.0,110.8,0.999
885,-1,1129.5,277.8,43.1,129.6,0.999
885,-1,1180.6,195.3,111.5,375.8,0.999
885,-1,1334.9,293.7,25.9,94.9,0.97
885,-1,1799.8,277.4,34.9,109.2,0.963
885,-1,1351.9,294.5,28.1,91.5,0.937
885,-1,1453.8,300.1,25.6,72.7,0.914
885,-1,1320.7,292.7,24.3,90.5,0.858
885,-1,1438.3,293.8,26.4,83.3,0.799
885,-1,1369.4,291.0,26.8,98.9,0.597
885,-1,1773.3,289.4,27.5,80.2,0.223
526,-1,424.7,116.4,261.0,690.9,1.0
526,-1,1225.7,50.7,349.6,968.8,1.0
526,-1,231.4,219.0,240.2,565.2,1.0
526,-1,865.2,194.5,165.1,503.0,1.0
526,-1,1113.8,244.6,122.1,329.7,1.0
731,-1,1109.3,94.7,348.1,723.5,1.0
731,-1,336.1,1.0,571.7,1080.0,1.0
731,-1,892.2,185.7,172.3,446.3,0.998
731,-1,243.9,99.1,181.4,665.3,0.968
731,-1,1041.5,129.9,159.6,571.1,0.07
668,-1,448.0,349.7,111.4,437.3,1.0
668,-1,1428.2,277.8,198.3,592.0,1.0
668,-1,1273.2,272.4,190.4,605.7,1.0
668,-1,1070.2,278.2,232.1,644.0,1.0
668,-1,829.5,326.2,172.3,452.3,1.0
668,-1,743.9,400.5,89.4,240.2,1.0
668,-1,963.6,300.5,154.9,500.1,0.999
498,-1,1198.6,109.4,360.7,917.3,1.0
498,-1,850.6,233.4,187.1,494.6,1.0
498,-1,497.9,282.5,166.1,407.9,1.0
498,-1,633.5,213.4,173.4,459.7,1.0
498,-1,1001.5,234.8,144.6,458.0,1.0
498,-1,1134.3,304.4,113.3,311.9,0.674
842,-1,578.7,196.1,261.0,730.9,1.0
842,-1,972.0,185.3,169.8,531.6,1.0
842,-1,806.5,223.2,194.4,455.2,1.0
842,-1,1155.2,289.6,106.2,300.2,1.0
842,-1,1384.7,209.1,237.7,703.8,1.0
842,-1,321.1,164.5,283.1,804.7,1.0
842,-1,1355.6,360.1,26.0,88.3,0.919
842,-1,4.2,1.6,387.0,1079.4,0.707
842,-1,1323.6,366.9,23.0,78.2,0.526
842,-1,1310.4,364.2,20.8,79.1,0.37
647,-1,534.5,361.9,100.1,391.2,1.0
647,-1,861.5,332.5,178.4,454.7,1.0
647,-1,1121.4,331.9,178.3,486.3,1.0
647,-1,1289.0,315.0,162.1,472.2,1.0
647,-1,1002.7,310.0,152.9,490.8,0.999
647,-1,1409.0,288.5,141.4,539.9,0.999
647,-1,823.4,407.6,69.6,215.7,0.864
476,-1,1181.0,99.9,355.2,884.9,1.0
476,-1,752.8,172.0,186.2,531.1,1.0
476,-1,974.0,191.6,144.5,454.1,1.0
476,-1,559.3,254.2,133.8,320.0,1.0
476,-1,664.4,206.8,127.2,363.4,0.999
476,-1,1080.9,271.9,99.9,269.4,0.823
652,-1,533.5,367.6,101.7,386.8,1.0
652,-1,1124.0,329.5,188.9,514.2,1.0
652,-1,1303.0,308.0,169.4,515.5,1.0
652,-1,873.1,331.0,171.9,463.6,1.0
652,-1,1006.9,303.7,161.6,493.1,0.999
652,-1,1430.8,296.4,153.7,545.2,0.999
652,-1,814.2,406.4,85.3,227.4,0.997
611,-1,867.8,275.8,151.8,483.2,1.0
611,-1,579.7,322.8,93.3,342.7,1.0
611,-1,1285.7,291.8,129.8,454.3,1.0
611,-1,1034.8,269.7,142.6,471.7,1.0
611,-1,1584.1,64.2,336.9,1016.8,0.998
611,-1,1166.6,359.9,78.0,234.9,0.997
890,-1,378.7,80.9,267.6,645.9,1.0
890,-1,1801.3,289.3,44.4,113.7,1.0
890,-1,1358.4,289.1,37.5,113.3,1.0
890,-1,894.5,118.2,176.8,525.4,1.0
890,-1,739.0,164.8,174.6,472.4,1.0
890,-1,1580.3,287.7,34.2,105.0,1.0
890,-1,1092.6,286.0,45.1,121.0,1.0
890,-1,1151.1,204.2,117.0,382.5,0.999
890,-1,1751.2,299.6,33.2,91.7,0.991
890,-1,1304.9,300.2,30.5,97.1,0.986
890,-1,1402.3,302.9,28.1,59.1,0.882
890,-1,1289.5,301.4,25.1,91.9,0.793
890,-1,1420.7,306.8,28.4,64.0,0.541
890,-1,1323.9,299.2,30.0,97.5,0.469
890,-1,1562.9,294.9,25.1,88.8,0.144
890,-1,1888.4,292.9,24.9,102.6,0.081
665,-1,1438.6,282.1,183.6,590.9,1.0
665,-1,469.8,355.4,109.6,425.2,1.0
665,-1,1081.2,288.3,219.3,609.8,1.0
665,-1,838.1,328.8,165.0,449.8,1.0
665,-1,756.4,398.7,87.4,240.5,1.0
665,-1,1273.8,273.5,192.1,599.7,0.999
665,-1,984.3,299.2,150.5,497.2,0.997
602,-1,1489.1,57.3,431.9,1023.7,1.0
602,-1,1000.8,247.1,152.2,494.3,1.0
602,-1,813.1,264.0,159.8,467.3,1.0
602,-1,1191.6,279.5,143.7,429.1,1.0
602,-1,537.5,309.2,92.6,332.9,1.0
644,-1,532.4,363.6,99.9,381.9,1.0
644,-1,855.4,326.7,170.9,451.3,1.0
644,-1,1118.2,328.6,166.4,469.9,1.0
644,-1,990.7,311.0,155.9,482.5,1.0
644,-1,1275.2,316.8,161.4,468.4,0.999
644,-1,1387.5,295.8,146.3,529.4,0.999
644,-1,827.0,406.3,54.5,206.6,0.059
899,-1,831.8,145.0,171.7,522.3,1.0
899,-1,213.3,59.3,326.2,772.8,1.0
899,-1,662.9,174.1,181.6,469.5,1.0
899,-1,1748.1,311.0,52.1,122.2,1.0
899,-1,1818.0,315.1,38.5,112.0,1.0
899,-1,1512.4,319.8,34.8,100.1,1.0
899,-1,1301.4,311.9,38.2,114.9,1.0
899,-1,1037.0,308.6,47.3,122.9,0.999
899,-1,1092.1,218.7,130.4,406.3,0.999
899,-1,1681.1,325.6,39.8,97.0,0.994
899,-1,1256.9,320.8,31.2,98.9,0.976
899,-1,1217.7,325.6,28.0,95.5,0.764
899,-1,1341.6,322.4,29.4,74.0,0.383
899,-1,1369.3,336.5,21.3,67.6,0.068
734,-1,1058.1,80.0,321.9,741.0,1.0
734,-1,106.3,22.9,701.9,1058.1,1.0
734,-1,880.9,184.2,168.7,435.4,0.999
467,-1,1182.5,105.7,378.0,870.8,1.0
467,-1,768.5,178.0,171.0,522.0,1.0
467,-1,996.1,201.9,150.3,456.3,1.0
467,-1,618.3,274.0,111.7,299.0,1.0
467,-1,1103.4,279.0,93.7,265.6,0.189
758,-1,417.8,46.0,418.1,861.7,1.0
758,-1,828.8,165.3,154.3,525.3,1.0
758,-1,1036.2,228.5,130.0,344.8,0.999
758,-1,962.2,250.9,117.5,346.0,0.998
535,-1,1253.4,50.2,384.0,981.3,1.0
535,-1,361.0,82.3,307.5,797.5,1.0
535,-1,887.9,205.8,171.1,496.2,1.0
535,-1,163.1,193.1,266.3,690.2,1.0
535,-1,1143.3,268.6,131.8,320.9,0.999
691,-1,768.8,370.1,109.2,286.2,1.0
691,-1,1090.3,167.2,371.5,913.8,1.0
691,-1,1414.1,175.1,352.9,839.1,1.0
691,-1,436.1,327.7,129.4,478.0,1.0
691,-1,891.4,304.4,173.9,441.6,1.0
628,-1,539.6,341.2,93.9,355.7,1.0
628,-1,824.1,301.5,177.5,460.0,1.0
628,-1,1327.6,301.7,123.7,491.9,1.0
628,-1,1099.8,333.6,136.4,420.3,1.0
628,-1,977.6,289.3,152.2,480.8,1.0
628,-1,1681.0,117.5,240.0,963.5,0.872
893,-1,318.7,74.7,291.2,655.1,1.0
893,-1,853.9,132.5,185.8,524.1,1.0
893,-1,709.8,160.7,179.0,483.8,1.0
893,-1,1330.5,298.1,37.0,115.7,1.0
893,-1,1545.5,305.4,33.9,101.3,1.0
893,-1,1068.8,287.3,46.8,126.9,1.0
893,-1,1850.9,305.3,34.9,113.7,0.999
893,-1,1117.3,217.2,121.7,381.4,0.999
893,-1,1773.5,299.5,39.9,118.7,0.999
893,-1,1281.5,303.4,33.0,105.2,0.992
893,-1,1728.1,310.7,32.2,93.8,0.967
893,-1,1374.1,308.6,30.3,70.3,0.909
893,-1,1252.2,310.4,25.5,85.4,0.894
893,-1,1741.7,305.4,51.2,105.0,0.626
893,-1,1393.2,316.6,22.7,64.0,0.525
893,-1,1802.3,307.9,31.8,106.2,0.064
893,-1,1823.3,310.3,38.6,105.2,0.051
670,-1,1073.3,278.1,232.8,661.4,1.0
670,-1,436.3,350.2,112.9,436.0,1.0
670,-1,827.2,328.4,172.1,444.5,1.0
670,-1,730.9,393.1,94.3,253.3,1.0
670,-1,1426.3,268.6,207.5,605.2,1.0
670,-1,1262.5,258.9,199.0,622.6,1.0
670,-1,957.6,297.5,152.8,494.7,0.997
884,-1,1827.4,267.8,43.4,125.8,1.0
884,-1,487.8,130.0,229.4,574.7,1.0
884,-1,781.6,157.0,176.1,470.7,1.0
884,-1,1397.1,279.7,39.7,117.2,1.0
884,-1,944.4,119.3,174.8,525.3,1.0
884,-1,1612.6,277.0,33.7,107.0,1.0
884,-1,1182.8,202.8,109.3,373.4,0.999
884,-1,1130.0,279.3,45.6,124.7,0.999
884,-1,1449.4,297.4,26.7,68.3,0.956
884,-1,1359.0,294.9,28.0,86.9,0.953
884,-1,1335.6,294.7,25.8,92.1,0.947
884,-1,1801.8,278.4,33.4,103.8,0.936
884,-1,1319.1,294.7,23.2,87.9,0.763
884,-1,1432.1,288.5,28.2,86.8,0.602
781,-1,271.2,22.2,323.0,914.6,1.0
781,-1,777.9,148.4,163.4,542.0,1.0
781,-1,943.1,191.2,175.0,477.9,0.999
781,-1,1066.3,184.4,159.5,457.3,0.999
781,-1,1.0,1.0,341.4,1043.6,0.999
781,-1,670.2,187.5,150.4,447.8,0.998
781,-1,546.0,233.8,114.2,388.2,0.341
866,-1,974.0,110.6,164.6,522.6,1.0
866,-1,367.4,1.0,455.3,1080.0,1.0
866,-1,1169.7,202.6,101.8,341.9,1.0
866,-1,1398.5,277.6,36.5,117.4,1.0
866,-1,799.2,133.3,177.1,476.8,1.0
866,-1,1616.5,277.5,33.4,105.8,0.999
866,-1,1.0,1.0,353.3,1080.0,0.986
866,-1,1459.8,292.7,25.6,74.7,0.973
866,-1,1691.7,83.9,229.3,997.1,0.946
866,-1,1362.2,290.7,25.2,90.3,0.939
866,-1,1334.9,294.2,22.6,83.9,0.907
866,-1,1445.8,294.5,26.3,75.9,0.863
866,-1,1319.8,297.6,21.1,74.6,0.802
866,-1,1425.6,281.6,27.1,94.2,0.459
593,-1,536.0,305.4,83.7,310.4,1.0
593,-1,820.4,246.4,152.2,472.8,1.0
593,-1,1149.8,275.3,140.2,407.9,1.0
593,-1,1474.7,65.5,417.7,1015.5,1.0
593,-1,986.9,239.6,143.8,487.8,1.0
771,-1,972.1,246.4,188.6,400.8,1.0
771,-1,199.5,15.8,448.3,997.0,1.0
771,-1,839.9,168.1,150.9,511.3,1.0
771,-1,707.2,192.3,167.3,452.8,0.999
771,-1,627.0,257.8,127.0,359.3,0.917
857,-1,971.4,127.5,167.0,528.5,1.0
857,-1,1165.5,231.3,105.3,320.7,1.0
857,-1,501.1,76.4,347.9,974.5,1.0
857,-1,1406.1,299.1,37.9,120.7,1.0
857,-1,131.2,31.0,379.8,1050.0,1.0
857,-1,1533.8,86.7,345.3,994.3,1.0
857,-1,802.0,166.4,191.5,454.6,0.996
857,-1,1361.5,307.4,26.6,94.6,0.968
857,-1,1346.4,307.0,24.2,90.4,0.919
857,-1,1459.4,321.5,25.8,67.5,0.661
857,-1,1311.1,313.0,21.6,79.0,0.28
592,-1,538.6,306.4,85.1,306.1,1.0
592,-1,1464.8,66.1,425.0,1014.9,1.0
592,-1,823.7,247.3,154.6,475.9,1.0
592,-1,1146.1,275.0,140.7,405.1,1.0
592,-1,981.7,239.9,147.3,482.0,1.0
805,-1,1007.3,190.3,317.4,686.6,1.0
805,-1,875.5,194.1,168.1,531.5,1.0
805,-1,640.2,268.8,144.5,445.0,0.998
805,-1,1.0,1.0,573.8,1080.0,0.995
659,-1,1107.8,312.5,207.4,564.9,1.0
659,-1,505.5,368.4,107.8,404.6,1.0
659,-1,853.3,328.9,175.1,448.8,1.0
659,-1,1442.9,282.2,161.9,576.9,1.0
659,-1,1301.3,305.2,179.8,542.8,1.0
659,-1,785.1,401.6,85.9,237.4,0.999
659,-1,1000.6,300.9,157.5,494.8,0.998
749,-1,462.1,155.2,213.3,512.5,1.0
749,-1,683.2,55.0,366.4,823.3,1.0
749,-1,1024.3,230.6,119.2,314.9,0.792
735,-1,1038.9,82.6,303.0,735.9,1.0
735,-1,36.1,32.3,742.2,1048.7,1.0
735,-1,872.3,182.5,168.4,440.7,0.999
735,-1,734.5,208.7,97.7,380.0,0.059
571,-1,1295.7,69.2,461.2,1011.8,1.0
571,-1,572.1,298.7,87.6,291.1,1.0
571,-1,858.9,237.9,165.3,480.4,1.0
571,-1,999.0,244.5,143.2,457.9,0.999
571,-1,1727.0,288.0,137.5,422.3,0.999
571,-1,1194.9,276.1,169.5,421.7,0.969
571,-1,1118.6,268.3,135.0,403.9,0.899
591,-1,1463.4,61.6,425.2,1019.4,1.0
591,-1,832.8,246.8,152.3,478.7,1.0
591,-1,1143.7,278.1,140.9,402.0,1.0
591,-1,542.6,304.3,85.3,307.9,1.0
591,-1,985.4,242.3,143.5,478.3,1.0
618,-1,583.7,343.6,93.5,335.5,1.0
618,-1,877.3,294.7,147.2,481.3,1.0
618,-1,1327.7,310.4,125.9,454.7,1.0
618,-1,1034.3,287.3,143.0,485.6,1.0
618,-1,1179.5,372.7,76.2,240.9,0.996
618,-1,1670.8,106.0,250.2,975.0,0.587
707,-1,754.9,294.7,129.0,320.0,1.0
707,-1,384.3,240.0,150.9,536.0,1.0
707,-1,1172.6,1.0,495.2,1080.0,0.999
707,-1,983.6,133.5,251.9,831.0,0.999
707,-1,1543.0,1.9,378.0,1079.1,0.998
536,-1,1242.3,40.1,389.7,1007.4,1.0
536,-1,889.7,203.7,170.2,502.1,1.0
536,-1,333.5,66.5,328.9,818.6,1.0
536,-1,147.1,210.2,276.7,688.3,1.0
536,-1,1145.1,266.5,133.4,327.2,1.0
601,-1,1503.4,55.4,417.6,1025.6,1.0
601,-1,809.1,256.4,159.2,479.3,1.0
601,-1,1181.8,277.3,143.5,427.4,1.0
601,-1,536.1,315.1,89.6,320.1,1.0
601,-1,1003.8,253.2,144.9,488.8,1.0
736,-1,1027.8,75.4,277.6,747.9,1.0
736,-1,868.4,177.4,161.5,444.8,1.0
736,-1,5.0,10.3,763.1,1070.7,0.933
736,-1,696.9,189.5,128.8,425.2,0.588
463,-1,1204.3,117.5,353.4,855.5,1.0
463,-1,780.9,201.1,167.3,517.5,1.0
463,-1,634.4,280.8,105.3,298.8,1.0
463,-1,991.9,207.5,145.7,459.3,1.0
463,-1,1106.8,292.6,93.7,265.1,0.998
463,-1,948.9,275.8,70.0,252.5,0.055
608,-1,567.4,329.7,93.4,326.9,1.0
608,-1,848.4,277.6,155.7,466.4,1.0
608,-1,1554.9,56.0,366.1,1025.0,1.0
608,-1,1254.9,290.8,137.0,440.6,1.0
608,-1,1026.6,267.3,144.2,477.8,0.999
608,-1,1149.9,355.3,73.0,242.3,0.961
588,-1,1453.3,66.9,423.9,1014.1,1.0
588,-1,554.3,305.9,85.2,304.1,1.0
588,-1,846.9,257.6,152.2,475.7,1.0
588,-1,1140.2,282.2,140.3,392.3,1.0
588,-1,991.1,236.3,140.1,479.4,0.999
828,-1,1115.2,9.6,564.4,1071.4,1.0
828,-1,592.7,230.9,198.6,588.7,1.0
828,-1,894.5,171.7,173.2,541.5,1.0
828,-1,45.4,1.0,380.0,1080.0,1.0
828,-1,386.4,191.1,202.5,647.4,1.0
828,-1,742.8,206.5,185.5,454.0,0.998
828,-1,1072.4,287.6,108.8,298.6,0.372
778,-1,957.5,210.7,181.0,446.6,1.0
778,-1,52.8,1.0,370.8,1003.1,1.0
778,-1,794.7,151.3,166.4,537.7,1.0
778,-1,309.2,29.7,312.5,863.1,1.0
778,-1,674.4,184.7,179.3,458.0,0.999
778,-1,586.9,236.5,105.2,374.3,0.36
719,-1,799.1,10.9,368.2,1070.1,1.0
719,-1,333.6,182.3,171.5,584.1,1.0
719,-1,749.2,239.0,130.2,359.8,0.52
719,-1,1323.8,12.3,597.2,1068.7,0.209
658,-1,507.6,361.0,108.0,406.7,1.0
658,-1,1442.8,283.6,162.0,557.4,1.0
658,-1,857.9,329.2,172.8,451.6,1.0
658,-1,1109.0,305.7,205.3,563.6,1.0
658,-1,1301.5,306.4,176.5,538.2,1.0
658,-1,1006.6,305.6,152.5,496.8,0.999
658,-1,788.0,409.9,87.0,233.8,0.999
894,-1,298.3,73.4,310.1,674.7,1.0
894,-1,699.4,172.0,175.0,470.2,1.0
894,-1,1324.1,301.1,36.7,118.4,1.0
894,-1,1537.7,308.1,34.3,104.1,1.0
894,-1,850.4,130.3,182.8,519.1,1.0
894,-1,1768.7,302.8,40.0,114.7,1.0
894,-1,1109.9,216.5,122.1,382.3,1.0
894,-1,1059.6,288.9,44.3,131.1,0.999
894,-1,1837.5,313.6,34.2,106.9,0.997
894,-1,1277.3,310.7,32.0,99.0,0.983
894,-1,1709.5,310.5,31.5,96.5,0.977
894,-1,1366.2,318.6,29.8,66.1,0.948
894,-1,1248.8,313.9,25.1,85.8,0.931
894,-1,1295.6,308.2,26.6,100.4,0.901
894,-1,1730.3,309.9,37.1,99.1,0.426
894,-1,1819.7,314.2,26.7,99.4,0.321
894,-1,1391.5,322.3,25.2,62.7,0.078
728,-1,1171.5,107.9,308.3,733.3,1.0
728,-1,499.9,1.0,513.6,1080.0,1.0
728,-1,280.4,151.0,181.7,622.9,1.0
728,-1,1048.4,147.6,157.0,520.5,0.999
495,-1,1212.9,127.2,357.4,908.2,1.0
495,-1,853.7,227.9,181.6,510.6,1.0
495,-1,514.2,274.3,163.4,393.7,1.0
495,-1,641.3,212.1,165.2,453.2,1.0
495,-1,1001.4,233.9,139.2,459.3,1.0
495,-1,1134.6,311.7,106.3,292.4,0.771
643,-1,528.0,355.3,99.8,386.9,1.0
643,-1,849.3,318.1,175.9,458.3,1.0
643,-1,1264.9,320.9,163.7,459.5,1.0
643,-1,1110.0,328.3,169.5,470.0,1.0
643,-1,978.1,306.3,166.1,483.2,0.999
643,-1,1382.7,289.1,143.6,533.9,0.999
744,-1,538.7,157.4,195.8,483.4,1.0
744,-1,848.4,70.1,268.6,787.6,1.0
744,-1,780.6,173.4,160.5,444.0,0.704
744,-1,31.9,54.9,165.8,800.1,0.145
744,-1,1079.3,249.8,110.3,284.0,0.137
676,-1,414.8,351.4,116.0,452.0,1.0
676,-1,829.1,326.4,174.3,451.4,1.0
676,-1,723.1,385.8,98.5,271.3,1.0
676,-1,1067.0,253.2,259.9,746.9,1.0
676,-1,1430.9,268.6,225.1,605.6,1.0
676,-1,1281.4,228.9,216.0,683.8,0.999
676,-1,949.4,300.9,159.7,486.8,0.998
804,-1,1014.1,192.6,302.0,664.6,1.0
804,-1,871.9,187.9,164.7,525.9,1.0
804,-1,1.0,1.0,585.6,1080.0,0.999
804,-1,634.2,273.2,150.1,434.5,0.998
804,-1,776.5,215.0,151.9,453.0,0.061
529,-1,875.2,198.9,160.2,504.8,1.0
529,-1,1237.3,56.2,340.5,949.4,1.0
529,-1,404.2,106.6,284.9,722.8,1.0
529,-1,210.3,209.5,243.3,598.0,1.0
529,-1,1124.9,256.7,126.1,316.3,1.0
832,-1,578.7,226.0,213.6,642.6,1.0
832,-1,1.0,1.0,420.1,1080.0,1.0
832,-1,754.4,204.0,190.1,469.7,1.0
832,-1,917.7,185.7,165.9,521.7,1.0
832,-1,364.9,199.5,217.0,682.2,0.999
832,-1,1146.1,14.7,693.9,1066.3,0.998
724,-1,642.6,1.0,450.0,1080.0,1.0
724,-1,1053.4,152.9,165.8,516.3,1.0
724,-1,315.8,157.4,176.8,612.8,1.0
724,-1,1238.1,98.5,266.9,728.8,0.968
729,-1,453.5,1.0,521.5,1080.0,1.0
729,-1,1152.0,102.5,323.6,723.6,1.0
729,-1,268.1,137.8,183.4,632.6,0.999
729,-1,1045.4,139.9,155.7,544.2,0.999
729,-1,933.7,179.1,131.2,427.0,0.359
886,-1,455.7,128.7,249.5,575.4,1.0
886,-1,1826.2,270.9,46.1,121.1,1.0
886,-1,773.9,153.3,177.9,475.8,1.0
886,-1,934.4,122.4,169.5,522.1,1.0
886,-1,1608.2,278.0,34.4,110.1,1.0
886,-1,1390.9,280.2,38.4,118.0,1.0
886,-1,1172.6,197.9,117.9,380.3,0.999
886,-1,1125.2,280.1,44.6,125.4,0.999
886,-1,1335.8,293.9,27.2,95.9,0.978
886,-1,1793.1,284.1,36.2,101.6,0.974
886,-1,1445.3,301.5,26.8,68.4,0.96
886,-1,1322.2,293.1,25.2,90.6,0.885
886,-1,1308.1,296.2,24.2,87.6,0.782
886,-1,1772.1,291.2,31.4,88.1,0.746
886,-1,1359.6,291.6,30.8,95.3,0.679
886,-1,1461.0,302.9,23.7,67.7,0.62
886,-1,1484.3,304.5,21.4,59.3,0.054
849,-1,1471.5,156.9,286.2,860.0,1.0
849,-1,579.0,147.3,267.8,836.0,1.0
849,-1,1179.0,262.7,108.3,314.5,1.0
849,-1,824.0,193.4,197.2,467.0,1.0
849,-1,980.0,151.5,174.1,527.6,1.0
849,-1,274.3,81.9,323.2,907.3,1.0
849,-1,1425.1,325.0,36.6,115.8,0.999
849,-1,1751.7,332.7,37.5,108.4,0.997
849,-1,1376.0,343.6,25.7,87.4,0.971
849,-1,1404.7,332.4,28.7,95.1,0.492
849,-1,1350.1,351.7,19.7,68.2,0.273
755,-1,519.3,33.9,382.0,891.6,1.0
755,-1,1026.9,219.3,130.7,347.7,0.999
755,-1,395.2,141.3,236.1,582.5,0.999
755,-1,957.2,242.2,117.8,343.8,0.998
755,-1,830.7,151.9,151.9,526.4,0.994
783,-1,242.5,22.2,344.4,919.1,1.0
783,-1,773.3,148.4,163.1,539.4,1.0
783,-1,951.8,204.5,162.9,468.7,1.0
783,-1,1052.8,180.6,169.2,468.1,1.0
783,-1,1.0,1.0,278.3,1056.2,0.999
783,-1,658.6,186.1,166.7,461.4,0.993
653,-1,530.3,367.8,106.1,394.0,1.0
653,-1,1303.0,305.8,172.2,520.6,1.0
653,-1,1123.4,330.6,189.5,518.3,1.0
653,-1,873.7,332.0,170.2,464.7,1.0
653,-1,1438.3,288.3,151.2,559.2,1.0
653,-1,1007.3,298.7,160.8,506.0,1.0
653,-1,812.2,408.3,85.6,228.1,0.999
471,-1,1181.9,99.1,366.9,894.0,1.0
471,-1,761.1,171.3,172.4,529.3,1.0
471,-1,590.5,269.9,117.1,302.6,1.0
471,-1,986.9,196.1,149.0,464.6,1.0
471,-1,696.9,212.4,107.8,368.8,0.755
471,-1,1096.3,268.7,94.3,283.6,0.333
528,-1,1235.0,59.8,341.1,941.2,1.0
528,-1,871.1,198.2,169.9,504.2,1.0
528,-1,411.9,111.2,274.3,711.0,1.0
528,-1,220.4,220.1,244.8,579.3,1.0
528,-1,1119.9,256.0,127.1,318.4,1.0
751,-1,432.8,150.0,224.4,538.6,1.0
751,-1,634.5,56.1,377.3,826.5,1.0
751,-1,963.3,232.7,115.0,334.8,0.995
751,-1,1032.5,241.1,107.0,312.5,0.798
475,-1,1177.6,107.0,360.4,878.0,1.0
475,-1,757.1,171.8,178.4,526.6,1.0
475,-1,977.5,193.1,145.5,444.9,1.0
475,-1,560.9,257.1,132.7,315.3,1.0
475,-1,664.6,203.2,128.7,374.0,0.999
475,-1,1086.7,268.7,91.6,274.0,0.301
795,-1,987.9,181.3,228.3,559.5,1.0
795,-1,76.9,1.0,537.9,1080.0,1.0
795,-1,813.4,154.6,169.8,543.6,1.0
795,-1,618.8,254.7,127.2,409.7,0.999
795,-1,730.1,182.3,163.3,477.8,0.44
551,-1,1272.7,53.0,369.1,1006.1,1.0
551,-1,536.8,283.2,78.8,267.8,1.0
551,-1,855.5,203.7,161.1,498.5,1.0
551,-1,45.4,1.0,445.2,1080.0,1.0
551,-1,1072.8,277.1,125.7,344.6,0.999
790,-1,147.0,1.0,435.2,1080.0,1.0
790,-1,1065.6,156.5,200.8,525.6,0.999
790,-1,957.7,195.8,172.0,514.1,0.999
790,-1,772.6,154.1,163.4,523.2,0.999
790,-1,668.3,184.6,167.6,470.1,0.993
790,-1,616.9,238.6,101.7,386.5,0.105
694,-1,1084.1,125.1,416.3,955.9,1.0
694,-1,900.2,300.9,169.2,432.2,1.0
694,-1,773.3,356.2,105.4,287.8,1.0
694,-1,431.3,306.3,135.6,499.8,1.0
694,-1,1423.2,142.9,424.5,923.0,1.0
733,-1,1075.4,80.0,337.1,729.0,1.0
733,-1,187.7,12.8,663.2,1068.2,1.0
733,-1,873.1,181.1,185.2,439.1,0.998
460,-1,633.4,287.7,105.3,284.2,1.0
460,-1,769.7,200.7,179.8,524.0,1.0
460,-1,1204.7,129.1,332.2,833.9,1.0
460,-1,993.7,211.1,139.3,455.3,1.0
460,-1,1104.0,300.9,94.2,253.5,0.997
460,-1,929.1,287.7,72.3,241.1,0.109
465,-1,1202.1,116.3,359.3,845.8,1.0
465,-1,767.2,185.4,178.6,518.6,1.0
465,-1,630.2,279.2,104.2,291.3,1.0
465,-1,990.3,203.1,150.4,461.3,1.0
465,-1,1104.1,287.2,97.4,264.4,0.998
638,-1,517.8,361.0,97.4,367.6,1.0
638,-1,813.8,317.9,191.7,461.0,1.0
638,-1,964.5,295.9,151.1,483.2,1.0
638,-1,1351.2,291.5,140.1,518.9,1.0
638,-1,1097.4,324.2,150.3,460.8,0.999
638,-1,1246.8,311.9,163.3,464.0,0.999
638,-1,1695.9,114.7,225.1,966.3,0.067
564,-1,1303.9,55.0,333.7,1002.1,1.0
564,-1,536.7,294.8,82.5,280.5,1.0
564,-1,830.1,227.1,164.5,465.8,1.0
564,-1,1094.1,268.8,179.1,398.0,1.0
564,-1,1636.7,290.3,135.8,395.8,0.999
564,-1,950.9,221.3,143.2,470.8,0.997
888,-1,1817.3,277.1,46.0,120.8,1.0
888,-1,1601.7,284.7,33.5,105.6,1.0
888,-1,427.0,106.1,262.3,596.5,1.0
888,-1,916.1,115.3,177.9,524.5,1.0
888,-1,1379.6,282.0,38.3,121.8,1.0
888,-1,752.2,164.9,177.2,464.8,1.0
888,-1,1114.2,286.6,42.5,118.2,1.0
888,-1,1168.2,205.0,112.2,379.6,0.999
888,-1,1777.5,286.7,39.2,100.7,0.984
888,-1,1326.1,296.5,28.3,96.3,0.962
888,-1,1431.1,304.4,26.3,63.0,0.902
888,-1,1454.4,307.1,24.9,62.2,0.113
506,-1,1201.1,112.0,365.0,949.4,1.0
506,-1,426.2,254.0,182.8,450.6,1.0
506,-1,574.8,192.9,186.1,508.9,1.0
506,-1,860.6,221.0,173.8,514.6,1.0
506,-1,986.3,226.0,146.7,448.7,0.999
506,-1,1116.2,307.6,117.5,295.5,0.996
545,-1,1258.8,39.4,397.0,1040.8,1.0
545,-1,880.3,209.4,159.8,493.1,1.0
545,-1,201.8,9.5,360.9,998.9,1.0
545,-1,1105.1,266.7,133.1,331.1,1.0
545,-1,574.0,292.9,74.7,252.5,1.0
545,-1,1.0,135.2,273.7,810.3,0.999
779,-1,950.2,202.5,183.2,458.1,1.0
779,-1,285.6,19.8,329.7,894.6,1.0
779,-1,788.8,151.5,164.4,535.9,1.0
779,-1,25.7,1.0,368.9,1021.5,1.0
779,-1,678.6,179.1,161.9,456.4,0.997
779,-1,1083.2,198.7,127.2,427.8,0.954
779,-1,563.8,241.7,109.9,358.4,0.149
600,-1,1177.2,275.9,142.4,421.9,1.0
600,-1,1485.8,47.1,419.2,1033.9,1.0
600,-1,807.4,256.1,157.1,476.0,1.0
600,-1,1001.8,253.1,144.8,483.6,1.0
600,-1,534.9,305.0,92.5,332.3,1.0
810,-1,1049.2,138.5,306.8,784.3,1.0
810,-1,502.0,226.3,175.0,524.1,1.0
810,-1,891.3,177.8,160.0,519.3,1.0
810,-1,642.6,263.6,151.4,472.7,0.999
810,-1,787.3,204.5,166.1,463.1,0.993
810,-1,28.8,31.2,333.8,1049.8,0.07
718,-1,827.7,16.3,353.9,1064.7,1.0
718,-1,338.2,181.0,167.9,579.0,1.0
718,-1,745.9,247.1,145.5,352.8,0.998
718,-1,1297.8,1.0,623.2,1080.0,0.205
830,-1,587.2,232.8,203.7,611.5,1.0
830,-1,13.0,1.0,409.3,1080.0,1.0
830,-1,908.2,175.2,171.3,529.8,1.0
830,-1,745.8,208.2,191.8,469.4,1.0
830,-1,1141.5,19.9,610.7,1061.1,1.0
830,-1,366.2,194.3,220.3,666.9,1.0
830,-1,1081.2,291.6,123.0,308.3,0.076
881,-1,1402.3,277.6,38.3,117.9,1.0
881,-1,528.5,134.8,208.7,540.4,1.0
881,-1,1624.4,274.0,33.6,105.6,1.0
881,-1,962.0,139.4,162.0,507.8,1.0
881,-1,791.6,154.4,175.3,482.2,1.0
881,-1,1135.1,282.7,44.5,121.3,1.0
881,-1,1182.6,201.7,112.8,368.0,0.999
881,-1,1830.2,269.9,37.2,117.6,0.999
881,-1,1808.2,276.5,38.0,109.6,0.995
881,-1,1334.0,290.6,27.1,90.4,0.971
881,-1,1456.3,297.5,27.7,63.2,0.969
881,-1,1357.4,291.1,27.4,93.8,0.953
881,-1,1317.0,291.5,25.0,88.2,0.284
566,-1,1302.6,35.8,383.6,1045.2,1.0
566,-1,548.4,296.5,84.4,283.3,1.0
566,-1,1664.4,284.5,137.3,418.2,1.0
566,-1,835.4,227.2,171.2,481.0,1.0
566,-1,1119.9,271.2,192.7,411.5,1.0
566,-1,963.2,220.8,143.3,472.6,0.999
477,-1,1184.4,90.2,355.6,874.6,1.0
477,-1,756.3,172.9,186.9,530.0,1.0
477,-1,557.1,250.8,132.6,337.8,1.0
477,-1,968.4,193.6,148.3,458.2,1.0
477,-1,659.8,202.5,129.0,374.8,0.999
477,-1,1081.1,268.6,104.7,273.4,0.992
896,-1,256.8,61.5,312.4,712.2,1.0
896,-1,834.9,143.8,190.1,528.4,1.0
896,-1,1519.3,311.8,35.0,107.4,1.0
896,-1,678.1,165.2,176.5,481.5,1.0
896,-1,1307.8,304.6,37.0,124.1,1.0
896,-1,1749.5,306.4,49.3,123.8,1.0
896,-1,1045.7,301.9,43.7,124.1,1.0
896,-1,1820.3,312.9,38.2,116.5,0.999
896,-1,1098.5,213.0,124.0,396.9,0.999
896,-1,1688.2,320.0,35.1,97.9,0.986
896,-1,609.3,254.8,70.8,209.3,0.983
896,-1,1271.0,313.7,31.7,101.4,0.978
896,-1,1251.2,315.3,27.7,95.7,0.919
896,-1,1363.7,328.7,24.4,56.9,0.74
896,-1,1730.8,316.6,33.4,105.7,0.624
896,-1,1336.1,316.2,31.1,78.3,0.455
580,-1,1385.2,59.2,462.3,1021.8,1.0
580,-1,585.2,305.6,83.7,298.2,1.0
580,-1,879.3,248.2,155.7,478.9,1.0
580,-1,1124.6,291.6,148.5,369.6,1.0
580,-1,1007.1,242.3,146.7,471.3,0.999
580,-1,1799.0,292.9,122.0,459.3,0.956
683,-1,1069.3,197.5,314.9,878.2,1.0
683,-1,732.9,385.0,103.4,279.1,1.0
683,-1,844.0,335.2,182.4,432.9,1.0
683,-1,413.5,341.7,125.5,478.7,1.0
683,-1,1346.9,223.6,235.1,752.2,1.0
683,-1,969.5,300.6,160.5,475.3,0.986
657,-1,515.7,364.5,101.4,406.7,1.0
657,-1,856.0,334.1,171.7,452.3,1.0
657,-1,1110.5,319.2,197.8,542.8,1.0
657,-1,1441.8,288.0,159.0,555.8,1.0
657,-1,1304.9,308.2,173.4,534.1,1.0
657,-1,1008.5,309.3,152.6,490.6,0.999
657,-1,795.1,408.0,83.9,236.1,0.999
837,-1,581.0,218.5,230.1,667.6,1.0
837,-1,950.0,188.9,162.0,529.8,1.0
837,-1,1121.4,295.8,105.5,290.8,1.0
837,-1,349.5,199.5,235.7,741.3,1.0
837,-1,784.9,219.6,194.4,459.4,1.0
837,-1,1.0,1.0,425.9,1080.0,0.989
837,-1,1284.8,15.3,636.2,1065.7,0.988
685,-1,421.5,338.4,126.8,476.5,1.0
685,-1,740.5,385.9,103.4,285.0,1.0
685,-1,1084.3,203.5,334.0,877.5,1.0
685,-1,850.2,330.6,187.2,446.2,1.0
685,-1,1357.8,203.8,262.4,790.7,1.0
685,-1,982.4,300.7,152.9,503.0,0.99
512,-1,1214.1,93.4,344.5,917.1,1.0
512,-1,857.4,215.0,171.6,498.6,1.0
512,-1,506.8,165.5,208.1,562.6,1.0
512,-1,360.9,237.4,197.1,496.2,1.0
512,-1,1102.9,277.3,116.3,314.1,1.0
858,-1,1164.3,229.6,101.3,321.7,1.0
858,-1,969.1,125.6,169.5,530.6,1.0
858,-1,1544.5,78.8,349.4,1002.2,1.0
858,-1,1403.0,296.2,38.8,118.5,1.0
858,-1,479.0,40.3,356.7,1029.7,1.0
858,-1,74.4,25.1,431.0,1055.9,1.0
858,-1,795.6,155.5,196.9,464.1,0.998
858,-1,1360.0,307.5,25.5,88.0,0.962
858,-1,1343.8,308.6,23.0,85.4,0.923
858,-1,1374.0,305.6,25.3,94.3,0.893
858,-1,1450.9,315.9,26.6,70.6,0.837
858,-1,1319.0,312.1,22.0,76.9,0.746
615,-1,588.0,336.2,94.7,333.2,1.0
615,-1,878.8,282.7,150.0,479.2,1.0
615,-1,1317.0,301.7,129.4,451.9,1.0
615,-1,1032.1,276.0,149.4,491.2,1.0
615,-1,1178.3,364.6,84.1,236.0,0.998
615,-1,1640.9,81.2,280.1,999.8,0.876
510,-1,1203.5,118.7,356.3,917.5,1.0
510,-1,535.9,172.8,193.7,542.2,1.0
510,-1,378.9,255.0,191.1,462.4,1.0
510,-1,858.1,230.0,180.5,490.9,1.0
510,-1,1106.1,287.7,117.1,303.4,1.0
510,-1,981.9,232.5,109.0,453.8,0.432
596,-1,1475.2,56.2,412.9,1024.8,1.0
596,-1,1159.3,274.0,144.9,418.0,1.0
596,-1,531.3,313.4,88.4,305.2,1.0
596,-1,802.5,237.8,166.9,482.2,1.0
596,-1,989.3,237.2,156.2,498.9,1.0
834,-1,574.8,220.9,226.2,657.7,1.0
834,-1,923.8,174.7,171.3,543.6,1.0
834,-1,1.0,1.0,416.1,1080.0,1.0
834,-1,766.9,209.4,189.1,456.4,1.0
834,-1,351.1,190.0,230.0,725.9,1.0
834,-1,1133.6,19.9,787.4,1061.1,0.999
869,-1,1400.0,272.9,39.9,124.4,1.0
869,-1,979.5,114.2,159.7,516.0,1.0
869,-1,795.4,138.5,178.0,482.9,1.0
869,-1,1177.0,205.2,100.4,345.0,1.0
869,-1,1622.1,274.0,34.8,107.1,1.0
869,-1,291.6,1.0,493.4,1080.0,1.0
869,-1,1330.8,290.0,26.7,87.4,0.969
869,-1,1456.4,292.7,28.5,66.7,0.96
869,-1,1366.8,292.3,27.5,82.5,0.953
869,-1,23.5,1.0,290.5,1080.0,0.237
869,-1,1485.3,295.9,23.4,62.1,0.077
570,-1,567.2,300.2,84.9,282.5,1.0
570,-1,1308.5,40.3,452.6,1040.7,1.0
570,-1,1716.5,286.5,136.2,429.7,1.0
570,-1,852.7,234.4,165.8,486.6,1.0
570,-1,991.9,238.4,142.2,453.5,0.997
570,-1,1173.2,283.1,187.7,403.5,0.995
570,-1,1105.1,272.7,128.3,372.4,0.202
684,-1,1074.4,196.4,321.7,884.6,1.0
684,-1,416.0,344.0,126.9,477.2,1.0
684,-1,847.7,332.5,186.1,434.5,1.0
684,-1,739.3,386.5,102.1,280.4,1.0
684,-1,1349.3,216.5,240.1,774.1,1.0
684,-1,981.2,300.5,156.2,494.1,0.973
650,-1,533.7,363.8,101.9,390.8,1.0
650,-1,1126.4,332.5,182.4,498.0,1.0
650,-1,1422.7,289.4,150.1,537.9,1.0
650,-1,1297.1,311.2,166.4,504.1,1.0
650,-1,870.1,327.6,181.5,459.8,0.999
650,-1,1011.1,309.6,146.8,491.0,0.999
650,-1,817.2,408.6,83.8,219.4,0.997
590,-1,546.6,309.2,84.8,303.1,1.0
590,-1,1442.5,63.7,455.7,1017.3,1.0
590,-1,1141.7,280.9,141.9,400.1,1.0
590,-1,838.3,246.1,152.6,481.1,1.0
590,-1,983.7,239.3,143.4,487.6,1.0
636,-1,520.9,356.3,94.1,361.9,1.0
636,-1,811.4,314.5,191.7,460.4,1.0
636,-1,970.5,292.6,149.5,482.6,1.0
636,-1,1102.3,328.0,146.5,443.8,0.999
636,-1,1243.5,312.2,159.0,458.9,0.999
636,-1,1342.2,292.2,136.9,507.4,0.999
636,-1,1692.7,94.1,228.3,986.9,0.211
603,-1,817.0,274.6,159.5,468.9,1.0
603,-1,1497.1,58.5,423.9,1022.5,1.0
603,-1,1005.1,252.4,148.4,479.7,1.0
603,-1,1202.4,282.0,139.3,432.7,1.0
603,-1,541.5,322.4,93.2,322.0,1.0
624,-1,563.0,340.1,92.4,347.5,1.0
624,-1,847.2,305.7,156.6,464.5,1.0
624,-1,1330.5,306.3,124.9,475.3,1.0
624,-1,999.8,288.2,145.4,471.4,1.0
624,-1,1096.0,344.7,143.8,399.1,0.994
624,-1,1685.5,120.2,235.5,960.8,0.756
772,-1,969.5,238.6,187.1,409.6,1.0
772,-1,185.7,6.7,442.4,1008.1,1.0
772,-1,831.8,156.6,160.8,525.2,1.0
772,-1,714.5,189.5,166.8,459.3,0.999
772,-1,618.4,262.0,120.1,349.9,0.998
453,-1,946.7,220.5,137.9,438.8,1.0
453,-1,727.3,204.8,167.7,520.8,1.0
453,-1,1169.7,149.4,325.9,830.5,1.0
453,-1,600.5,302.1,113.7,272.5,1.0
453,-1,565.1,314.2,65.5,205.4,0.933
453,-1,1129.9,320.9,87.6,241.7,0.446
721,-1,756.4,1.0,378.9,1080.0,1.0
721,-1,329.6,173.5,170.1,585.5,1.0
721,-1,1239.1,310.7,78.6,209.1,0.986
721,-1,1065.6,187.3,131.2,508.0,0.214
586,-1,564.5,300.3,83.2,304.6,1.0
586,-1,1445.4,76.1,430.2,1004.9,1.0
586,-1,1139.0,290.8,140.0,377.0,1.0
586,-1,999.6,240.6,143.5,475.3,1.0
586,-1,861.7,249.3,152.1,479.9,1.0
852,-1,984.3,141.4,170.5,513.0,1.0
852,-1,1502.4,161.3,305.1,878.4,1.0
852,-1,539.2,105.6,304.6,950.0,1.0
852,-1,1179.3,252.0,101.8,305.3,1.0
852,-1,1419.2,313.8,36.2,116.8,1.0
852,-1,237.8,45.8,331.9,1016.5,1.0
852,-1,821.8,170.7,190.2,466.3,1.0
852,-1,1372.4,330.3,24.6,81.7,0.946
852,-1,1357.2,333.3,21.6,70.3,0.909
852,-1,1397.2,321.5,26.4,91.8,0.827
852,-1,1819.4,319.7,27.5,107.1,0.175
852,-1,1456.0,319.3,23.4,77.1,0.079
711,-1,757.2,272.5,127.0,326.8,1.0
711,-1,936.7,85.4,296.5,917.7,1.0
711,-1,367.6,200.2,158.5,564.5,1.0
711,-1,1226.7,1.0,565.1,1080.0,0.999
754,-1,402.0,142.5,233.2,573.1,1.0
754,-1,554.2,43.7,370.1,871.2,1.0
754,-1,959.1,252.9,115.3,336.0,0.998
754,-1,1026.3,228.1,129.6,341.8,0.998
754,-1,837.2,150.5,144.0,537.8,0.996
538,-1,1264.1,50.3,377.8,1023.1,1.0
538,-1,895.5,212.6,163.0,486.0,1.0
538,-1,328.2,56.6,314.5,858.8,1.0
538,-1,105.1,192.0,294.4,712.8,1.0
538,-1,1143.0,268.9,132.8,321.8,0.999
455,-1,742.9,204.3,168.5,534.0,1.0
455,-1,609.4,300.9,112.8,273.4,1.0
455,-1,960.8,220.6,142.7,439.9,1.0
455,-1,1193.5,141.5,317.4,845.2,1.0
455,-1,1066.5,305.0,80.5,257.0,0.068
786,-1,212.5,5.7,361.4,992.3,1.0
786,-1,770.9,141.5,163.4,531.9,1.0
786,-1,1056.9,173.8,180.8,486.0,1.0
786,-1,946.7,195.1,165.4,498.2,0.999
786,-1,4.9,21.2,186.4,1020.4,0.978
786,-1,644.7,191.1,181.0,447.9,0.963
874,-1,799.5,169.7,173.8,466.4,1.0
874,-1,1403.9,276.1,39.7,122.0,1.0
874,-1,1180.1,211.9,103.0,352.8,1.0
874,-1,976.9,127.7,161.5,522.3,1.0
874,-1,1861.4,271.1,39.1,97.2,1.0
874,-1,1628.4,276.8,35.7,105.7,0.999
874,-1,1808.6,265.3,42.2,119.4,0.999
874,-1,78.9,6.8,616.4,1074.2,0.999
874,-1,1332.7,290.9,27.1,88.4,0.966
874,-1,1456.6,295.3,27.6,65.5,0.96
874,-1,1359.8,291.7,26.8,91.1,0.952
874,-1,1145.3,274.4,34.3,133.2,0.222
874,-1,26.2,36.6,170.0,1044.4,0.075
699,-1,1104.1,37.3,444.8,1043.7,1.0
699,-1,770.2,328.5,113.7,309.7,1.0
699,-1,1474.0,72.2,442.1,1008.8,1.0
699,-1,419.1,279.5,144.4,514.6,1.0
699,-1,907.4,290.7,169.9,428.3,1.0
621,-1,573.5,341.3,96.4,336.9,1.0
621,-1,867.5,306.4,154.1,462.2,1.0
621,-1,1017.7,282.1,154.0,492.6,1.0
621,-1,1331.8,307.7,124.5,467.1,1.0
621,-1,1676.6,120.8,244.4,960.2,0.246
808,-1,1030.8,180.9,321.9,720.9,1.0
808,-1,879.3,184.1,169.2,532.3,1.0
808,-1,643.1,267.8,145.8,462.9,0.999
808,-1,506.3,251.6,169.9,478.8,0.999
808,-1,786.5,208.6,171.7,468.3,0.923
808,-1,14.0,1.0,441.5,1080.0,0.302
667,-1,1429.2,273.5,192.6,597.9,1.0
667,-1,457.8,353.3,109.2,433.2,1.0
667,-1,1276.6,279.0,188.2,598.7,1.0
667,-1,824.7,329.5,179.0,452.6,1.0
667,-1,1073.6,279.2,227.4,635.1,1.0
667,-1,747.4,400.9,87.1,239.6,1.0
667,-1,976.3,302.6,147.8,479.5,0.999
714,-1,886.5,72.9,327.6,970.8,1.0
714,-1,353.2,192.0,163.0,570.4,1.0
714,-1,754.9,260.5,132.4,343.2,1.0
714,-1,1251.3,1.0,669.7,1080.0,0.995
802,-1,1002.7,186.8,289.8,650.2,1.0
802,-1,858.9,192.0,164.9,531.1,1.0
802,-1,639.4,267.8,136.4,439.9,1.0
802,-1,1.0,1.0,603.2,1080.0,0.999
802,-1,782.0,223.1,131.9,441.1,0.407
776,-1,962.2,222.3,181.5,425.7,1.0
776,-1,96.2,1.0,385.1,996.4,1.0
776,-1,809.3,145.7,162.9,543.4,1.0
776,-1,700.5,182.1,161.0,448.9,1.0
776,-1,590.6,237.0,119.8,373.8,0.998
776,-1,380.4,54.2,229.0,805.1,0.901
827,-1,592.8,229.8,196.4,585.2,1.0
827,-1,1115.3,2.7,515.2,1078.3,1.0
827,-1,889.9,171.7,174.4,539.7,1.0
827,-1,63.9,1.0,365.0,1080.0,1.0
827,-1,391.2,196.1,203.4,636.3,1.0
827,-1,742.5,203.7,184.6,452.7,1.0
827,-1,1069.5,291.4,102.5,289.0,0.86
560,-1,1287.9,61.3,323.6,995.6,1.0
560,-1,524.9,300.6,81.1,277.6,1.0
560,-1,823.4,219.1,163.8,479.7,1.0
560,-1,1589.3,294.5,139.3,400.9,1.0
560,-1,939.0,207.7,137.9,489.7,0.998
560,-1,1055.9,275.2,156.3,383.3,0.996
560,-1,4.1,1.0,272.6,1080.0,0.86
680,-1,725.9,383.8,100.8,274.2,1.0
680,-1,1072.3,220.4,298.8,803.4,1.0
680,-1,407.7,347.1,124.1,462.1,1.0
680,-1,835.5,322.0,173.8,448.2,1.0
680,-1,1311.8,235.9,224.6,730.7,0.999
680,-1,961.3,295.9,154.7,489.8,0.998
680,-1,1464.8,239.7,203.5,670.9,0.791
607,-1,563.0,321.9,92.3,333.2,1.0
607,-1,1552.1,59.6,368.9,1021.4,1.0
607,-1,840.7,273.2,152.8,472.7,1.0
607,-1,1246.9,292.2,132.8,438.5,1.0
607,-1,1022.0,267.8,149.9,460.5,1.0
607,-1,1137.8,353.4,75.8,245.5,0.508
574,-1,1323.2,49.5,483.3,1031.5,1.0
574,-1,585.7,306.8,84.2,284.8,1.0
574,-1,872.3,240.9,161.0,490.8,1.0
574,-1,1752.5,290.3,140.0,428.2,1.0
574,-1,1118.1,277.5,138.0,379.3,0.999
574,-1,1007.8,239.7,146.8,474.1,0.999
606,-1,1543.1,57.3,377.9,1023.7,1.0
606,-1,1236.1,289.1,135.0,434.6,1.0
606,-1,831.6,273.3,160.3,474.4,1.0
606,-1,557.6,323.7,90.2,329.0,1.0
606,-1,1017.2,265.2,145.3,468.9,1.0
606,-1,1135.1,357.8,63.3,234.7,0.123
578,-1,1371.1,51.4,453.2,1029.6,1.0
578,-1,881.1,243.6,153.7,477.2,1.0
578,-1,593.2,297.7,81.4,299.7,1.0
578,-1,1778.2,290.5,142.8,451.7,0.999
578,-1,1008.3,239.5,151.3,471.8,0.999
578,-1,1128.6,283.0,144.1,379.5,0.999
577,-1,1354.4,69.3,459.4,1011.7,1.0
577,-1,593.5,300.2,82.0,295.5,1.0
577,-1,876.4,245.6,155.5,466.8,1.0
577,-1,1770.3,292.3,142.7,444.1,0.999
577,-1,1007.0,241.5,152.5,465.4,0.999
577,-1,1129.3,284.7,140.6,371.7,0.999
796,-1,984.7,183.9,247.9,571.6,1.0
796,-1,69.0,1.0,544.6,1080.0,1.0
796,-1,827.7,157.4,167.1,545.1,1.0
796,-1,632.8,261.2,122.1,412.8,0.999
796,-1,729.1,197.6,176.9,462.8,0.213
544,-1,1262.2,64.4,389.0,987.1,1.0
544,-1,884.2,207.5,163.7,498.6,1.0
544,-1,1113.5,261.4,129.0,336.8,1.0
544,-1,210.9,10.4,358.5,966.0,1.0
544,-1,574.0,297.3,82.2,249.8,1.0
544,-1,6.0,143.9,287.8,815.6,1.0
669,-1,442.9,350.4,111.5,437.0,1.0
669,-1,1074.8,281.4,226.6,649.3,1.0
669,-1,828.2,327.2,174.8,448.3,1.0
669,-1,1425.1,269.6,207.5,597.9,1.0
669,-1,737.5,394.5,90.3,242.5,1.0
669,-1,1266.9,267.7,193.8,611.8,1.0
669,-1,959.1,301.1,154.9,499.8,0.998
725,-1,609.9,1.0,460.6,1080.0,1.0
725,-1,310.0,152.8,176.5,626.8,1.0
725,-1,1055.0,158.2,166.7,510.9,1.0
725,-1,1226.6,108.8,253.5,738.9,0.981
862,-1,420.3,12.9,422.9,1068.1,1.0
862,-1,1392.7,284.9,38.3,118.6,1.0
862,-1,969.8,112.4,165.8,532.8,1.0
862,-1,1163.1,209.5,98.6,334.8,1.0
862,-1,1594.4,57.8,326.6,1023.2,1.0
862,-1,13.5,1.0,430.0,1080.0,1.0
862,-1,792.0,137.8,184.7,470.0,0.998
862,-1,1449.1,303.0,26.8,67.6,0.959
862,-1,1343.2,299.0,25.0,80.1,0.922
862,-1,1319.8,299.6,22.0,76.1,0.851
862,-1,1435.2,300.5,25.9,75.0,0.817
862,-1,1367.8,294.2,25.6,89.2,0.709
609,-1,853.5,284.2,158.0,465.0,1.0
609,-1,1268.5,288.8,131.9,448.1,1.0
609,-1,1565.4,65.7,355.6,1015.3,1.0
609,-1,573.2,328.7,92.0,331.5,1.0
609,-1,1028.9,265.2,146.8,481.7,0.999
609,-1,1154.7,354.1,75.3,243.3,0.987
464,-1,1207.0,107.8,349.4,859.8,1.0
464,-1,773.0,190.9,172.3,519.6,1.0
464,-1,633.7,282.9,104.1,288.6,1.0
464,-1,992.7,202.2,145.5,465.6,1.0
464,-1,1106.9,288.2,93.7,264.6,0.997
549,-1,863.4,204.1,163.1,500.1,1.0
549,-1,1261.9,60.9,394.3,980.6,1.0
549,-1,100.4,1.0,411.0,1068.9,1.0
549,-1,551.8,287.1,78.0,263.4,1.0
549,-1,1081.2,265.6,133.0,352.2,1.0
549,-1,8.5,80.7,204.4,893.3,0.161
878,-1,1404.3,279.6,39.7,117.1,1.0
878,-1,797.4,162.7,172.9,467.6,1.0
878,-1,1627.6,275.4,35.7,105.1,1.0
878,-1,1134.6,285.3,47.7,121.2,1.0
878,-1,972.1,139.7,159.4,524.2,1.0
878,-1,1182.4,209.3,106.4,362.3,1.0
878,-1,1821.6,271.5,41.0,121.1,0.999
878,-1,565.1,137.9,185.6,527.2,0.999
878,-1,1858.3,273.1,39.0,106.8,0.994
878,-1,1.0,13.6,649.0,1067.4,0.989
878,-1,1457.1,296.3,28.8,64.9,0.978
878,-1,1332.8,292.1,25.4,87.2,0.959
878,-1,1365.8,293.7,27.6,83.8,0.953
878,-1,1805.7,279.1,32.7,101.7,0.324
878,-1,1315.8,293.2,25.4,88.4,0.243
878,-1,1486.7,299.1,22.0,57.5,0.072
883,-1,503.9,126.7,225.7,562.9,1.0
883,-1,787.9,154.5,170.5,473.8,1.0
883,-1,1398.1,280.5,39.7,116.0,1.0
883,-1,1616.1,277.2,35.7,106.8,1.0
883,-1,1828.9,269.3,41.5,122.8,1.0
883,-1,954.3,126.5,161.2,519.9,1.0
883,-1,1181.5,206.8,115.6,362.6,1.0
883,-1,1132.0,281.0,45.0,121.6,0.999
883,-1,1333.5,291.3,26.5,91.7,0.968
883,-1,1362.6,293.6,28.2,87.6,0.949
883,-1,1804.1,279.6,36.0,105.1,0.944
883,-1,1456.9,298.0,24.4,65.2,0.914
883,-1,1319.6,291.5,25.1,87.8,0.715
883,-1,1430.2,289.8,30.1,78.3,0.629
486,-1,810.4,187.7,170.2,525.5,1.0
486,-1,1199.9,109.9,359.8,896.1,1.0
486,-1,656.3,199.5,143.1,426.3,1.0
486,-1,527.2,267.0,150.9,351.8,1.0
486,-1,985.7,203.7,141.2,471.2,1.0
486,-1,1095.3,280.3,108.4,287.5,0.999
604,-1,1525.1,67.4,395.9,1013.6,1.0
604,-1,546.6,330.2,90.8,319.8,1.0
604,-1,826.1,278.1,155.6,462.5,1.0
604,-1,1209.5,286.7,141.2,433.2,1.0
604,-1,1007.6,258.9,146.2,478.1,1.0
793,-1,975.5,187.2,209.3,547.8,1.0
793,-1,107.8,1.0,495.4,1080.0,1.0
793,-1,793.2,152.5,166.3,529.2,1.0
793,-1,613.0,262.6,116.8,387.2,0.998
793,-1,1102.5,160.5,179.1,532.8,0.894
793,-1,706.7,186.2,141.2,461.3,0.464
656,-1,519.4,359.3,104.4,408.1,1.0
656,-1,859.8,329.8,170.2,457.8,1.0
656,-1,1439.5,286.1,159.1,548.5,1.0
656,-1,1113.1,316.4,200.3,545.1,1.0
656,-1,1308.8,292.8,175.9,541.4,0.999
656,-1,800.2,404.6,84.8,244.3,0.999
656,-1,1010.7,305.6,151.9,492.4,0.999
516,-1,482.2,148.4,205.4,590.1,1.0
516,-1,857.6,201.6,167.9,500.1,1.0
516,-1,1204.0,60.7,358.2,931.1,1.0
516,-1,317.3,247.6,202.1,497.0,1.0
516,-1,1097.3,270.4,117.2,312.1,1.0
813,-1,1081.1,131.1,303.5,826.9,1.0
813,-1,892.8,178.2,164.4,536.2,1.0
813,-1,639.9,260.5,155.5,484.2,1.0
813,-1,499.3,235.3,173.1,515.2,1.0
813,-1,257.2,72.5,258.0,817.6,1.0
813,-1,789.2,202.5,156.5,470.0,0.998
540,-1,1255.6,53.2,394.7,984.5,1.0
540,-1,299.8,42.3,330.6,866.1,1.0
540,-1,889.4,210.7,168.8,490.5,1.0
540,-1,73.4,186.3,295.0,726.5,1.0
540,-1,1135.1,267.6,130.7,329.6,1.0
540,-1,582.0,295.9,77.9,249.6,0.981
861,-1,962.3,117.8,174.0,532.7,1.0
861,-1,1392.2,286.2,37.4,117.4,1.0
861,-1,444.7,21.9,377.7,1059.1,1.0
861,-1,1157.3,215.4,106.1,325.2,1.0
861,-1,1568.5,64.5,352.5,1016.5,1.0
861,-1,24.5,1.0,431.9,1080.0,1.0
861,-1,793.4,142.0,194.4,477.8,0.999
861,-1,1360.1,296.3,24.4,88.5,0.95
861,-1,1343.5,298.9,25.9,83.4,0.949
861,-1,1454.4,303.2,24.0,73.6,0.922
861,-1,1438.6,303.4,26.4,70.8,0.882
861,-1,1322.3,299.9,24.3,80.1,0.762
861,-1,1374.1,293.0,28.4,96.6,0.567
481,-1,1179.3,91.5,378.0,862.9,1.0
481,-1,775.6,178.4,174.5,521.7,1.0
481,-1,970.0,200.7,143.6,455.1,1.0
481,-1,532.0,257.8,144.2,346.1,1.0
481,-1,642.6,204.8,143.9,402.4,1.0
481,-1,1085.4,272.5,102.6,285.5,0.99
639,-1,519.5,353.9,96.9,377.2,1.0
639,-1,821.7,320.3,187.3,459.7,1.0
639,-1,972.8,297.4,151.3,485.5,1.0
639,-1,1355.7,293.4,137.9,517.3,0.999
639,-1,1256.8,317.6,160.6,455.3,0.999
639,-1,1103.8,330.1,148.7,449.7,0.998
639,-1,1699.0,101.1,222.0,979.9,0.103
682,-1,1061.1,213.2,315.0,828.8,1.0
682,-1,412.0,341.8,124.2,471.7,1.0
682,-1,728.8,384.2,104.5,277.3,1.0
682,-1,831.8,328.6,181.2,454.5,1.0
682,-1,1333.4,213.4,225.6,744.9,1.0
682,-1,967.6,297.8,161.6,484.8,0.996
682,-1,1460.7,241.1,195.2,672.1,0.074
462,-1,1209.0,126.4,348.5,842.1,1.0
462,-1,781.6,197.6,167.0,512.4,1.0
462,-1,635.7,286.7,104.9,287.2,1.0
462,-1,994.6,213.5,139.6,446.6,1.0
462,-1,1106.9,292.1,94.7,266.6,0.999
738,-1,994.1,53.2,262.6,745.4,1.0
738,-1,639.7,172.2,171.2,448.5,1.0
738,-1,844.5,181.6,163.5,443.5,1.0
850,-1,1477.4,180.1,283.9,822.1,1.0
850,-1,1179.7,259.7,103.6,308.1,1.0
850,-1,571.0,143.2,276.0,856.0,1.0
850,-1,981.1,147.1,171.2,528.4,1.0
850,-1,816.6,192.2,200.2,463.8,1.0
850,-1,263.3,91.0,330.4,940.4,1.0
850,-1,1422.6,321.5,36.6,117.0,1.0
850,-1,1369.6,336.7,24.1,83.4,0.953
850,-1,1387.0,333.9,25.7,84.8,0.917
850,-1,1354.0,339.9,21.7,76.6,0.795
850,-1,1823.2,336.8,32.7,102.8,0.158
789,-1,161.2,1.0,422.8,1070.8,1.0
789,-1,774.8,147.1,161.3,530.8,1.0
789,-1,1069.2,158.9,180.2,526.2,1.0
789,-1,950.6,199.8,175.4,509.3,1.0
789,-1,673.9,183.1,158.5,463.7,0.981
789,-1,618.9,244.4,95.2,380.9,0.124
859,-1,961.9,117.8,174.3,533.0,1.0
859,-1,1160.6,220.1,105.8,325.7,1.0
859,-1,464.5,27.7,386.0,1053.3,1.0
859,-1,1398.3,293.5,38.5,120.3,1.0
859,-1,71.8,20.1,429.0,1060.9,1.0
859,-1,1543.3,81.2,367.4,999.8,0.999
859,-1,794.4,152.5,195.1,464.3,0.998
859,-1,1358.6,304.8,25.4,87.3,0.957
859,-1,1337.3,304.0,22.8,87.2,0.934
859,-1,1321.1,307.5,24.5,81.9,0.82
859,-1,1434.7,304.0,29.6,78.3,0.777
859,-1,1377.4,302.5,25.1,96.1,0.678
859,-1,1454.3,313.2,28.6,70.5,0.414
499,-1,1201.5,112.5,357.6,931.8,1.0
499,-1,859.6,236.2,176.2,501.9,1.0
499,-1,631.3,215.5,171.0,465.1,1.0
499,-1,486.4,278.7,169.9,406.8,1.0
499,-1,995.2,237.2,144.7,454.6,1.0
499,-1,1130.7,306.9,120.3,307.6,0.517
488,-1,1215.1,128.6,361.2,905.7,1.0
488,-1,529.4,263.7,154.6,368.2,1.0
488,-1,825.1,200.2,172.2,522.8,1.0
488,-1,655.8,202.3,153.0,433.4,1.0
488,-1,996.8,221.7,139.6,452.8,1.0
488,-1,1108.8,289.5,112.6,281.8,0.999
817,-1,629.4,249.7,173.9,516.3,1.0
817,-1,201.4,37.8,297.7,885.8,1.0
817,-1,1099.2,113.7,314.8,920.0,1.0
817,-1,890.3,184.4,163.5,533.4,1.0
817,-1,466.7,222.2,180.7,554.8,0.999
817,-1,765.7,212.5,170.9,457.2,0.996
817,-1,1056.1,302.7,105.3,261.6,0.338
487,-1,1205.7,113.1,363.0,918.6,1.0
487,-1,818.9,202.4,171.7,513.8,1.0
487,-1,529.9,266.2,152.8,354.3,1.0
487,-1,655.2,202.2,149.0,430.0,1.0
487,-1,990.6,212.7,143.3,461.0,0.999
487,-1,1106.5,287.5,110.2,282.0,0.999
839,-1,578.9,215.1,244.8,684.6,1.0
839,-1,962.3,188.4,164.3,527.4,1.0
839,-1,1134.4,295.7,108.5,292.0,1.0
839,-1,797.0,216.2,196.9,456.7,1.0
839,-1,342.6,193.7,254.0,774.0,0.999
839,-1,1.0,1.0,429.6,1080.0,0.97
839,-1,1375.4,42.0,545.6,1039.0,0.849
839,-1,1312.3,360.6,24.9,82.4,0.848
839,-1,1326.2,361.8,24.9,83.6,0.492
840,-1,583.5,214.4,237.9,688.2,1.0
840,-1,962.9,188.1,168.4,530.4,1.0
840,-1,1140.4,291.9,108.1,296.0,1.0
840,-1,795.3,223.1,215.1,454.8,0.999
840,-1,340.5,189.3,254.2,789.4,0.999
840,-1,1.0,1.0,414.6,1080.0,0.996
840,-1,1330.0,359.2,25.9,83.8,0.983
840,-1,1383.3,37.4,537.7,1043.6,0.461
840,-1,1313.3,362.2,23.7,79.1,0.446
845,-1,1410.5,197.5,298.7,764.4,1.0
845,-1,582.2,165.2,268.7,788.8,1.0
845,-1,824.6,197.2,189.0,460.7,1.0
845,-1,1170.8,282.2,106.1,299.6,1.0
845,-1,986.1,174.8,167.7,521.4,1.0
845,-1,306.4,125.2,304.2,858.4,0.999
845,-1,1729.4,343.1,38.8,113.6,0.993
845,-1,1371.7,348.5,26.7,90.8,0.986
845,-1,1349.6,359.0,22.5,74.8,0.851
845,-1,1407.4,345.0,27.1,81.0,0.707
845,-1,1386.9,340.9,32.7,96.4,0.152
845,-1,1704.5,348.9,28.2,100.0,0.06
845,-1,8.9,16.4,330.7,1064.6,0.058
703,-1,759.5,320.0,121.6,313.2,1.0
703,-1,401.0,261.1,147.2,525.2,1.0
703,-1,1477.7,56.1,443.3,1024.9,1.0
703,-1,1121.0,8.9,478.8,1072.1,1.0
703,-1,917.0,280.2,151.6,421.1,0.994
703,-1,1043.5,177.8,203.3,782.4,0.549
703,-1,865.8,337.2,66.8,257.7,0.232
576,-1,1346.8,55.0,470.8,1026.0,1.0
576,-1,876.0,246.0,156.1,469.5,1.0
576,-1,590.9,305.2,83.7,289.4,1.0
576,-1,1127.0,281.9,141.1,377.5,1.0
576,-1,1760.7,289.3,148.4,434.5,0.999
576,-1,1007.0,243.2,149.3,463.0,0.998
675,-1,723.1,390.7,97.6,258.7,1.0
675,-1,417.8,348.5,116.4,455.8,1.0
675,-1,1060.8,247.6,260.5,742.6,1.0
675,-1,1431.0,264.8,220.0,612.6,1.0
675,-1,827.4,330.4,171.0,438.9,1.0
675,-1,1280.1,243.2,203.1,676.2,1.0
675,-1,952.2,292.5,161.0,505.6,0.998
660,-1,1098.9,302.9,212.2,570.8,1.0
660,-1,851.9,326.9,174.4,454.3,1.0
660,-1,503.0,364.3,108.3,405.9,1.0
660,-1,1298.2,304.5,186.4,550.4,1.0
660,-1,1440.2,277.8,169.8,579.0,1.0
660,-1,783.5,401.0,84.6,234.2,0.999
660,-1,998.8,307.5,158.1,485.9,0.998
824,-1,111.6,10.4,343.1,1037.9,1.0
824,-1,1126.7,56.4,410.6,1024.6,1.0
824,-1,593.8,242.3,197.5,553.3,1.0
824,-1,891.3,182.3,160.1,532.5,1.0
824,-1,406.2,197.5,199.9,615.1,1.0
824,-1,747.9,208.2,175.7,460.6,1.0
824,-1,1058.6,292.0,104.3,279.7,0.997
493,-1,1215.1,133.7,366.3,897.9,1.0
493,-1,642.9,211.1,166.9,448.1,1.0
493,-1,850.8,226.5,175.8,504.9,1.0
493,-1,1002.9,235.0,137.7,451.7,1.0
493,-1,524.4,268.6,163.1,392.5,1.0
493,-1,1131.4,307.4,106.8,290.7,0.996
712,-1,755.5,267.5,127.8,333.8,1.0
712,-1,921.7,44.8,309.9,1012.7,1.0
712,-1,365.6,198.4,159.1,562.8,1.0
712,-1,1217.4,1.0,649.5,1080.0,0.999
595,-1,1472.6,62.8,412.8,1018.2,1.0
595,-1,532.2,309.9,87.0,309.2,1.0
595,-1,1156.5,280.9,141.0,409.6,1.0
595,-1,989.7,240.6,147.2,494.5,1.0
595,-1,811.1,247.0,160.4,474.4,1.0
568,-1,1290.6,62.5,431.9,1018.5,1.0
568,-1,557.3,297.6,85.8,282.8,1.0
568,-1,840.3,232.9,168.0,483.9,1.0
568,-1,1696.6,287.7,138.6,422.1,1.0
568,-1,1149.5,272.5,189.3,411.6,1.0
568,-1,985.1,225.6,135.7,469.8,0.999
838,-1,580.1,209.2,235.2,685.9,1.0
838,-1,1127.4,296.7,108.0,290.9,1.0
838,-1,344.1,183.2,243.6,787.6,1.0
838,-1,953.6,190.5,164.9,526.5,1.0
838,-1,791.4,217.1,193.5,459.0,1.0
838,-1,1.0,1.0,437.4,1080.0,0.996
838,-1,1313.3,30.9,607.7,1050.1,0.969
838,-1,1300.2,357.3,24.4,92.1,0.528
838,-1,1272.9,360.9,20.5,83.8,0.103
846,-1,1429.0,203.3,289.8,761.0,1.0
846,-1,823.5,190.2,194.7,467.9,1.0
846,-1,582.2,177.2,265.9,777.9,1.0
846,-1,1175.2,270.9,105.1,310.6,1.0
846,-1,987.8,171.8,169.8,521.8,1.0
846,-1,299.1,110.1,299.6,875.6,1.0
846,-1,1736.5,337.1,37.0,117.1,0.997
846,-1,1376.2,348.7,26.5,85.5,0.964
846,-1,1352.3,358.0,21.2,71.2,0.759
846,-1,1409.8,345.6,29.8,89.4,0.714
846,-1,14.9,13.9,280.4,1067.1,0.071
556,-1,522.7,294.7,79.9,275.1,1.0
556,-1,1281.4,60.7,340.3,1005.4,1.0
556,-1,833.6,217.4,162.5,489.6,1.0
556,-1,1.0,1.0,396.3,1080.0,0.999
556,-1,1027.7,275.5,132.4,373.4,0.999
556,-1,1563.9,284.2,129.4,410.2,0.075
769,-1,977.0,238.9,178.0,405.5,1.0
769,-1,231.0,2.2,434.7,1017.7,1.0
769,-1,834.4,160.2,160.2,520.0,1.0
769,-1,712.9,203.3,164.3,446.3,0.998
769,-1,640.3,266.0,108.0,344.3,0.678
457,-1,1194.2,143.0,322.7,829.2,1.0
457,-1,619.8,297.3,112.5,276.9,1.0
457,-1,753.7,206.0,173.7,526.7,1.0
457,-1,973.1,214.4,137.7,450.3,1.0
457,-1,1082.4,300.7,89.2,255.7,0.854
853,-1,1505.3,133.5,313.3,919.8,1.0
853,-1,981.7,131.5,171.1,537.2,1.0
853,-1,1175.9,244.5,101.4,315.9,1.0
853,-1,1416.3,310.5,37.5,117.3,1.0
853,-1,531.3,98.6,308.1,962.4,1.0
853,-1,220.8,26.5,356.2,1054.5,1.0
853,-1,820.0,167.6,190.4,469.2,1.0
853,-1,1369.7,323.4,26.2,89.8,0.954
853,-1,1353.5,325.8,23.6,78.8,0.911
853,-1,1454.4,320.3,24.7,69.1,0.09
727,-1,554.7,1.4,478.5,1079.6,1.0
727,-1,293.7,147.5,178.2,627.7,1.0
727,-1,1052.6,154.6,160.9,515.7,1.0
727,-1,1182.0,103.1,305.6,733.1,1.0
641,-1,523.2,361.4,96.0,374.6,1.0
641,-1,837.0,315.2,176.1,457.4,1.0
641,-1,975.3,303.9,148.0,480.6,0.999
641,-1,1110.4,328.9,148.0,451.1,0.999
641,-1,1256.6,302.7,169.5,483.5,0.999
641,-1,1363.6,287.4,146.5,527.2,0.999
686,-1,746.6,387.4,107.7,273.5,1.0
686,-1,1083.1,193.6,326.3,887.4,1.0
686,-1,423.8,337.5,127.4,482.3,1.0
686,-1,1374.2,198.3,257.1,811.3,1.0
686,-1,863.8,330.5,179.1,435.3,1.0
686,-1,990.9,298.8,151.9,499.6,0.993
868,-1,979.0,111.5,160.0,521.8,1.0
868,-1,799.2,137.5,179.6,477.5,1.0
868,-1,1399.4,276.2,38.8,118.9,1.0
868,-1,1175.2,205.1,98.7,344.3,1.0
868,-1,321.5,1.0,479.6,1080.0,1.0
868,-1,1619.9,275.4,34.7,107.2,0.999
868,-1,1331.5,289.3,26.8,89.4,0.964
868,-1,1360.0,290.5,26.8,93.2,0.958
868,-1,1455.5,294.4,27.5,65.7,0.938
868,-1,43.9,1.0,282.3,1080.0,0.207
868,-1,1422.2,283.4,30.2,97.5,0.117
784,-1,242.9,18.2,330.2,944.0,1.0
784,-1,773.9,146.6,161.0,536.7,1.0
784,-1,952.2,201.6,162.3,478.2,1.0
784,-1,1057.3,177.2,169.3,491.5,0.999
784,-1,7.0,2.5,253.7,1032.3,0.996
784,-1,657.4,187.3,170.5,447.3,0.961
567,-1,1284.4,48.4,425.6,1032.6,1.0
567,-1,553.1,294.1,85.6,285.7,1.0
567,-1,839.4,233.4,169.0,484.1,1.0
567,-1,1680.7,280.4,131.6,421.0,1.0
567,-1,1137.8,269.2,188.5,414.7,1.0
567,-1,970.0,223.1,143.4,471.0,0.999
485,-1,1207.5,110.8,353.8,895.0,1.0
485,-1,651.6,198.6,144.4,421.4,1.0
485,-1,521.6,266.9,160.1,349.7,1.0
485,-1,794.5,185.5,185.3,514.0,1.0
485,-1,983.9,206.8,141.9,458.8,1.0
485,-1,1094.3,281.8,105.2,279.1,0.999
823,-1,1139.6,47.5,373.5,1033.5,1.0
823,-1,124.0,1.0,326.3,1037.8,1.0
823,-1,601.4,230.8,190.8,564.1,1.0
823,-1,882.6,187.0,167.4,535.9,1.0
823,-1,409.7,209.8,200.2,592.9,1.0
823,-1,752.3,207.4,174.1,466.9,0.999
823,-1,1054.3,294.4,105.4,279.4,0.999
661,-1,1105.0,303.1,211.1,573.0,1.0
661,-1,852.2,322.5,172.3,463.0,1.0
661,-1,1296.4,298.3,181.8,560.4,1.0
661,-1,499.5,364.4,106.0,408.8,1.0
661,-1,1449.2,280.1,164.2,582.8,1.0
661,-1,780.7,398.7,82.6,233.1,1.0
661,-1,992.0,303.8,156.7,498.6,0.996
841,-1,586.9,199.8,245.4,719.4,1.0
841,-1,969.1,187.0,168.4,531.2,1.0
841,-1,1150.3,291.6,105.0,297.5,1.0
841,-1,804.1,212.8,199.4,460.0,1.0
841,-1,333.0,160.7,276.6,814.1,0.999
841,-1,1368.4,219.5,222.5,692.5,0.995
841,-1,11.1,1.0,409.8,1080.0,0.969
841,-1,1338.2,359.5,26.3,83.1,0.942
841,-1,1313.4,361.9,22.7,76.6,0.761
841,-1,1357.4,361.4,34.1,100.0,0.209
841,-1,1495.8,43.2,425.2,1037.8,0.082
543,-1,1269.5,41.9,399.9,1027.4,1.0
543,-1,884.7,206.6,168.2,503.5,1.0
543,-1,1120.2,266.5,128.5,329.1,1.0
543,-1,236.1,15.8,365.4,942.1,1.0
543,-1,24.9,161.9,297.0,771.4,1.0
543,-1,577.9,295.7,80.7,246.6,1.0
730,-1,1111.4,99.0,353.8,729.5,1.0
730,-1,403.1,1.0,546.7,1080.0,1.0
730,-1,256.6,136.4,184.8,638.4,0.999
730,-1,1044.6,135.0,160.6,539.4,0.973
730,-1,898.7,181.1,161.0,437.5,0.963
484,-1,1198.3,110.6,359.5,878.4,1.0
484,-1,649.6,204.1,142.6,409.3,1.0
484,-1,790.8,187.7,182.5,516.1,1.0
484,-1,525.3,267.8,146.8,353.6,1.0
484,-1,979.3,200.8,142.1,463.1,1.0
484,-1,1089.9,274.1,105.6,285.3,0.995
517,-1,468.9,156.1,214.4,597.7,1.0
517,-1,1213.4,59.1,349.7,927.3,1.0
517,-1,303.5,239.4,213.8,501.4,1.0
517,-1,1097.6,273.2,116.6,308.5,1.0
517,-1,854.8,196.2,166.8,504.8,1.0
747,-1,492.1,155.5,202.6,508.3,1.0
747,-1,744.8,61.1,322.3,812.6,1.0
747,-1,1033.1,226.3,117.9,314.1,0.961
696,-1,427.7,296.6,139.0,497.4,1.0
696,-1,1103.6,106.2,402.4,974.8,1.0
696,-1,768.1,345.2,116.9,301.8,1.0
696,-1,1445.6,114.0,422.7,967.0,1.0
696,-1,900.5,301.7,174.2,430.6,1.0
702,-1,763.1,324.9,119.2,309.1,1.0
702,-1,405.9,263.0,145.4,536.2,1.0
702,-1,1481.2,64.5,439.8,1016.5,1.0
702,-1,1105.4,11.4,473.7,1069.6,1.0
702,-1,914.3,278.1,161.8,430.2,0.999
702,-1,1052.0,158.6,176.1,810.3,0.08
491,-1,1213.6,138.2,367.3,887.8,1.0
491,-1,655.4,213.2,154.3,434.2,1.0
491,-1,1005.1,229.1,139.1,452.7,1.0
491,-1,840.6,218.0,183.4,511.3,1.0
491,-1,529.0,271.8,159.2,378.4,1.0
491,-1,1125.5,299.1,108.3,286.3,0.999
678,-1,1069.2,247.9,276.0,755.6,1.0
678,-1,828.7,325.2,176.1,444.1,1.0
678,-1,409.5,341.0,121.0,464.6,1.0
678,-1,723.5,383.3,95.1,266.0,1.0
678,-1,1301.0,242.5,215.4,691.0,0.999
678,-1,1434.7,262.0,223.7,621.9,0.998
678,-1,951.6,300.0,160.8,487.0,0.996
791,-1,123.4,1.0,469.2,1080.0,1.0
791,-1,1072.2,160.9,207.5,529.4,1.0
791,-1,966.8,192.8,184.5,531.4,1.0
791,-1,784.4,146.7,159.8,538.9,0.999
791,-1,679.3,190.1,157.0,456.4,0.98
791,-1,602.3,255.5,111.6,373.6,0.664
502,-1,1195.8,121.6,378.0,905.0,1.0
502,-1,859.7,234.4,175.4,499.7,1.0
502,-1,471.9,278.6,167.1,421.6,1.0
502,-1,611.8,210.9,176.4,487.7,1.0
502,-1,996.1,231.4,139.3,459.5,1.0
502,-1,1129.1,317.8,116.3,287.5,0.988
856,-1,975.9,127.4,167.8,530.3,1.0
856,-1,515.8,77.8,335.5,980.8,1.0
856,-1,1167.0,231.7,104.9,327.9,1.0
856,-1,153.2,11.5,387.0,1069.5,1.0
856,-1,1410.3,300.6,37.4,120.6,1.0
856,-1,1526.9,100.9,341.8,980.1,1.0
856,-1,809.4,161.2,190.0,471.9,0.999
856,-1,1366.7,312.9,27.0,93.8,0.968
856,-1,1351.6,312.8,24.8,87.2,0.927
856,-1,1378.2,308.0,40.8,99.4,0.875
856,-1,1460.9,319.9,27.4,67.9,0.701
655,-1,526.9,359.7,101.7,409.5,1.0
655,-1,869.1,321.7,165.3,466.5,1.0
655,-1,1108.6,327.3,200.0,524.5,1.0
655,-1,1433.9,283.3,163.8,565.0,1.0
655,-1,1009.7,302.7,150.3,488.1,0.999
655,-1,808.1,404.8,81.5,236.4,0.999
655,-1,1310.1,293.9,171.1,532.9,0.999
582,-1,1418.2,75.5,433.7,1005.5,1.0
582,-1,580.7,306.7,87.1,298.2,1.0
582,-1,875.5,249.0,158.0,476.3,1.0
582,-1,1129.3,289.6,148.4,374.9,1.0
582,-1,1010.2,239.8,144.7,465.5,0.999
480,-1,1188.8,98.0,360.3,875.6,1.0
480,-1,538.9,266.7,144.1,341.3,1.0
480,-1,769.0,178.7,182.4,525.4,1.0
480,-1,966.8,196.6,141.4,459.8,1.0
480,-1,649.9,199.6,138.7,400.6,0.999
480,-1,1081.9,273.0,104.6,276.9,0.998
627,-1,545.0,340.4,93.7,355.9,1.0
627,-1,830.1,307.1,170.4,451.9,1.0
627,-1,1329.1,293.0,122.5,496.2,1.0
627,-1,1092.5,331.6,142.5,417.5,1.0
627,-1,974.1,287.3,157.9,482.6,0.999
627,-1,1686.7,117.6,234.3,963.4,0.923
746,-1,508.1,157.5,198.9,499.0,1.0
746,-1,774.3,62.1,313.8,808.4,1.0
746,-1,1046.7,227.2,120.2,315.4,0.908
598,-1,803.7,257.4,160.0,469.0,1.0
598,-1,1165.2,272.6,144.3,422.0,1.0
598,-1,994.6,244.0,151.7,500.6,1.0
598,-1,1489.0,56.6,401.2,1024.4,1.0
598,-1,531.5,314.5,88.9,311.8,1.0
780,-1,949.1,203.9,180.8,465.8,1.0
780,-1,783.0,153.0,161.0,540.9,1.0
780,-1,1.0,1.0,362.7,1039.7,1.0
780,-1,279.1,36.0,319.8,887.7,1.0
780,-1,669.6,188.0,163.7,449.9,0.999
780,-1,1070.4,182.0,146.5,455.9,0.996
780,-1,555.9,239.4,113.4,361.9,0.214
513,-1,1204.0,84.5,356.7,918.4,1.0
513,-1,498.2,162.6,204.7,570.7,1.0
513,-1,852.5,214.3,178.5,497.3,1.0
513,-1,346.7,243.5,199.5,486.4,1.0
513,-1,1100.7,285.1,115.0,298.3,0.999
854,-1,977.4,128.4,173.0,535.2,1.0
854,-1,535.5,94.4,317.9,975.7,1.0
854,-1,1518.9,139.4,309.4,918.9,1.0
854,-1,1176.7,237.6,99.8,327.1,1.0
854,-1,1415.0,308.7,37.1,117.4,1.0
854,-1,196.7,20.9,358.2,1060.1,1.0
854,-1,809.4,173.8,192.2,456.7,0.999
854,-1,1360.3,319.7,43.3,93.8,0.966
854,-1,1351.6,323.6,25.3,82.2,0.939
854,-1,1451.4,319.3,25.8,66.1,0.138
466,-1,1185.9,96.6,371.3,871.3,1.0
466,-1,774.4,181.5,168.9,523.7,1.0
466,-1,991.0,204.3,156.2,467.3,1.0
466,-1,624.4,277.3,107.9,297.3,1.0
466,-1,1099.1,279.4,98.7,267.9,0.216
689,-1,1090.3,171.0,350.1,910.0,1.0
689,-1,1387.4,203.2,328.9,808.1,1.0
689,-1,433.9,322.7,130.6,490.4,1.0
689,-1,758.9,377.9,112.2,288.2,1.0
689,-1,877.4,318.7,180.4,438.0,1.0
689,-1,1016.5,289.8,142.9,502.0,0.853
860,-1,962.3,117.0,172.4,527.8,1.0
860,-1,1158.0,219.0,106.2,325.4,1.0
860,-1,454.6,36.8,376.2,1044.2,1.0
860,-1,1394.9,289.1,37.1,117.1,1.0
860,-1,51.5,1.0,421.9,1080.0,1.0
860,-1,1551.1,71.2,369.9,1009.8,0.999
860,-1,797.9,142.6,184.0,487.8,0.999
860,-1,1357.2,300.9,24.4,86.9,0.954
860,-1,1339.3,303.4,25.4,82.7,0.952
860,-1,1440.5,303.9,28.3,73.5,0.926
860,-1,1323.2,305.2,24.2,80.5,0.854
860,-1,1381.7,295.3,27.4,103.9,0.189
532,-1,1249.4,73.1,353.2,945.1,1.0
532,-1,385.4,105.5,304.1,756.2,1.0
532,-1,882.6,207.5,168.0,486.0,1.0
532,-1,190.9,197.2,255.5,664.8,1.0
532,-1,1133.2,266.5,127.8,317.1,1.0
461,-1,1194.1,131.1,356.7,834.4,1.0
461,-1,632.0,286.6,109.1,286.9,1.0
461,-1,776.0,203.5,173.0,516.5,1.0
461,-1,991.6,207.9,142.3,462.8,1.0
461,-1,1106.0,295.8,92.1,261.1,0.998
610,-1,865.9,273.8,149.0,478.6,1.0
610,-1,577.3,330.7,92.0,328.9,1.0
610,-1,1274.9,293.6,131.7,446.9,1.0
610,-1,1571.7,69.5,349.3,1011.5,1.0
610,-1,1035.3,263.3,146.7,483.7,0.999
610,-1,1158.3,354.8,76.3,238.5,0.997
537,-1,1264.7,53.5,361.8,1005.6,1.0
537,-1,895.1,211.2,161.0,490.0,1.0
537,-1,129.0,205.1,278.3,695.9,1.0
537,-1,1143.3,273.5,135.7,320.2,1.0
537,-1,332.0,73.7,324.5,826.1,1.0
889,-1,1366.8,283.0,40.4,115.8,1.0
889,-1,396.5,101.7,276.3,616.7,1.0
889,-1,1810.6,282.7,44.7,118.5,1.0
889,-1,1597.8,287.0,33.7,103.3,1.0
889,-1,904.5,115.4,175.8,525.8,1.0
889,-1,1105.1,284.5,41.3,123.6,0.999
889,-1,1161.2,203.1,120.0,379.7,0.999
889,-1,748.2,158.2,182.7,472.6,0.999
889,-1,1767.4,290.8,35.7,101.5,0.995
889,-1,1311.0,295.4,29.3,99.8,0.967
889,-1,1430.6,307.9,25.2,58.0,0.632
889,-1,1278.5,303.4,24.0,89.3,0.5
889,-1,1742.9,296.8,27.8,80.9,0.418
889,-1,1793.6,288.4,26.4,107.8,0.341
889,-1,1393.8,287.7,32.3,85.3,0.228
531,-1,1244.4,69.2,354.7,938.9,1.0
531,-1,394.7,89.5,297.6,755.8,1.0
531,-1,880.5,199.5,161.8,495.3,1.0
531,-1,199.8,215.6,248.7,617.8,1.0
531,-1,1131.6,267.9,123.5,309.4,0.999
695,-1,1439.5,133.7,412.8,929.6,1.0
695,-1,1091.5,134.1,423.0,946.9,1.0
695,-1,431.4,298.2,136.4,501.6,1.0
695,-1,769.6,345.9,111.8,305.8,1.0
695,-1,902.1,304.9,179.1,419.8,1.0
752,-1,424.8,147.4,223.4,552.5,1.0
752,-1,610.9,49.6,377.9,831.0,1.0
752,-1,1024.5,232.2,126.3,330.1,0.996
752,-1,963.6,244.9,109.6,327.6,0.992
822,-1,613.4,239.3,180.7,542.4,1.0
822,-1,1128.9,61.7,359.3,1019.3,1.0
822,-1,140.7,15.0,317.3,1011.1,1.0
822,-1,420.3,214.7,197.8,595.1,1.0
822,-1,887.1,186.1,164.8,523.0,1.0
822,-1,1054.4,295.5,102.3,278.9,0.997
822,-1,755.1,223.5,171.5,460.8,0.995
572,-1,1307.0,47.8,478.3,1033.2,1.0
572,-1,578.2,308.9,84.3,278.2,1.0
572,-1,864.8,243.1,163.0,485.7,1.0
572,-1,1737.6,294.0,138.8,419.7,1.0
572,-1,999.6,235.2,140.9,466.2,0.999
572,-1,1117.8,269.4,137.6,399.2,0.99
726,-1,580.7,1.0,471.8,1080.0,1.0
726,-1,1052.9,153.4,165.0,512.3,1.0
726,-1,1222.6,98.9,262.1,717.9,1.0
726,-1,300.8,156.4,178.3,620.4,1.0
700,-1,1112.9,28.4,444.4,1052.6,1.0
700,-1,1472.4,72.7,448.6,1008.3,1.0
700,-1,773.9,334.7,109.9,297.5,1.0
700,-1,416.9,275.1,140.0,514.5,1.0
700,-1,913.3,286.8,162.0,430.9,0.999
700,-1,864.6,329.2,80.1,293.7,0.112
614,-1,875.4,285.8,151.9,482.1,1.0
614,-1,586.4,334.7,95.0,331.1,1.0
614,-1,1305.4,297.7,133.4,456.2,1.0
614,-1,1033.3,273.1,147.8,486.8,1.0
614,-1,1178.2,363.1,77.6,236.2,0.999
614,-1,1645.0,76.7,276.0,1004.3,0.891
768,-1,237.0,15.5,443.9,972.2,1.0
768,-1,970.4,232.3,177.2,410.4,1.0
768,-1,835.7,165.0,160.5,506.5,1.0
768,-1,712.3,204.9,168.9,443.4,0.997
787,-1,197.5,1.0,384.7,1006.9,1.0
787,-1,1059.1,172.5,183.3,485.5,1.0
787,-1,772.6,139.7,161.1,534.1,1.0
787,-1,946.6,200.3,169.9,494.8,0.999
787,-1,665.3,174.1,159.5,461.5,0.937
787,-1,2.7,67.6,184.0,976.9,0.606
787,-1,619.9,237.6,104.6,377.5,0.056
642,-1,526.0,365.5,98.1,375.2,1.0
642,-1,842.5,316.7,179.6,453.1,1.0
642,-1,1263.6,319.0,160.2,466.0,1.0
642,-1,1106.8,327.6,163.5,464.5,0.999
642,-1,1374.4,291.7,144.1,527.4,0.999
642,-1,978.0,306.6,164.5,481.7,0.998
765,-1,306.9,23.1,401.8,947.0,1.0
765,-1,834.7,169.4,159.0,509.3,1.0
765,-1,966.9,238.4,161.7,389.3,1.0
765,-1,708.8,213.4,161.8,448.7,0.999
631,-1,809.0,309.1,189.6,462.3,1.0
631,-1,527.2,340.8,96.3,363.0,1.0
631,-1,1097.7,329.9,137.7,423.0,1.0
631,-1,1327.6,300.0,128.5,489.4,1.0
631,-1,967.6,282.4,151.0,488.6,1.0
631,-1,1246.1,322.8,140.4,435.5,0.724
631,-1,1677.9,102.1,243.1,978.9,0.476
818,-1,626.7,248.2,177.2,523.7,1.0
818,-1,1113.6,105.5,313.5,946.2,1.0
818,-1,193.4,45.4,288.0,895.2,1.0
818,-1,889.0,184.4,166.8,534.7,1.0
818,-1,456.4,221.4,188.1,559.5,0.999
818,-1,763.6,212.7,168.9,463.1,0.992
818,-1,1056.6,303.9,105.5,263.4,0.601
833,-1,585.8,227.6,209.3,633.1,1.0
833,-1,1.3,1.0,410.6,1080.0,1.0
833,-1,920.5,181.1,172.4,528.5,1.0
833,-1,757.5,214.6,189.1,464.1,1.0
833,-1,351.0,194.2,233.7,701.3,0.999
833,-1,1108.2,21.5,795.8,1059.5,0.995
898,-1,836.3,146.3,174.8,526.8,1.0
898,-1,222.3,77.8,331.0,718.1,1.0
898,-1,668.0,176.8,180.7,463.2,1.0
898,-1,1747.3,312.4,50.6,119.7,1.0
898,-1,1301.7,312.0,38.7,114.7,1.0
898,-1,1512.5,316.8,35.0,102.0,1.0
898,-1,1816.5,315.0,37.8,113.8,1.0
898,-1,1040.6,305.2,46.1,126.5,1.0
898,-1,1093.1,220.0,130.8,393.5,1.0
898,-1,1685.3,326.7,37.4,94.1,0.989
898,-1,1261.6,322.8,29.2,95.3,0.974
898,-1,1215.5,324.7,27.6,93.5,0.772
898,-1,1339.7,321.1,29.0,71.8,0.468
898,-1,1321.9,320.3,31.3,88.2,0.123
898,-1,1364.2,336.2,23.8,62.8,0.1
710,-1,758.4,276.9,125.3,324.1,1.0
710,-1,945.9,90.8,291.1,913.8,1.0
710,-1,372.3,210.8,154.3,551.1,1.0
710,-1,1223.5,1.0,537.7,1080.0,0.999
710,-1,1620.9,8.5,300.1,1072.5,0.582
524,-1,1225.1,64.7,340.3,939.4,1.0
524,-1,437.6,118.0,238.5,681.2,1.0
524,-1,866.8,191.9,163.0,499.6,1.0
524,-1,244.9,214.0,236.8,563.0,1.0
524,-1,1105.3,253.2,119.0,319.8,1.0
569,-1,1295.9,44.9,427.1,1036.1,1.0
569,-1,562.8,295.3,86.0,289.5,1.0
569,-1,849.7,239.1,162.9,472.0,1.0
569,-1,1705.2,287.6,137.2,417.9,1.0
569,-1,1160.2,279.9,192.7,412.1,0.999
569,-1,988.4,228.5,136.0,467.8,0.998
569,-1,1098.6,270.9,130.9,381.4,0.068
820,-1,612.3,247.2,184.1,527.0,1.0
820,-1,1124.8,93.7,327.6,987.3,1.0
820,-1,169.7,21.0,298.3,964.4,1.0
820,-1,436.9,213.2,194.8,570.2,1.0
820,-1,889.6,183.6,161.7,530.0,1.0
820,-1,1052.4,299.3,102.9,271.2,0.997
820,-1,763.7,213.4,163.9,462.9,0.995
681,-1,409.3,349.8,123.6,465.5,1.0
681,-1,1322.1,230.0,222.9,743.2,1.0
681,-1,1071.7,209.5,306.4,828.1,1.0
681,-1,727.7,387.4,101.3,269.2,1.0
681,-1,837.6,326.0,172.5,444.6,1.0
681,-1,964.9,301.0,159.6,481.2,0.996
681,-1,1469.5,236.5,202.1,668.9,0.388
879,-1,795.8,161.9,173.2,479.2,1.0
879,-1,1402.8,278.6,39.6,117.9,1.0
879,-1,1626.0,274.9,35.7,107.6,1.0
879,-1,1181.5,206.0,110.2,367.0,1.0
879,-1,1135.8,285.7,46.4,119.7,1.0
879,-1,972.8,138.2,156.0,518.1,1.0
879,-1,556.8,135.9,187.9,528.6,1.0
879,-1,1819.5,272.3,41.0,117.9,0.998
879,-1,1855.2,272.1,39.2,107.6,0.988
879,-1,1456.3,296.4,28.9,63.2,0.975
879,-1,1330.8,292.0,25.8,87.5,0.962
879,-1,1360.2,293.2,26.0,89.0,0.957
879,-1,1.0,1.0,595.1,1080.0,0.831
879,-1,1802.4,281.3,32.8,98.7,0.726
879,-1,1311.5,292.9,26.0,87.7,0.196
742,-1,572.3,163.0,187.6,464.9,1.0
742,-1,912.4,55.7,236.9,787.5,1.0
742,-1,1127.0,283.1,82.8,247.6,0.999
742,-1,799.7,179.7,158.2,438.6,0.997
581,-1,1399.3,63.4,452.5,1017.6,1.0
581,-1,583.2,306.6,85.9,298.2,1.0
581,-1,879.1,248.5,155.6,476.5,1.0
581,-1,1127.6,294.1,147.1,365.4,1.0
581,-1,1006.4,238.3,146.4,474.9,0.999
530,-1,1242.3,67.4,344.5,935.8,1.0
530,-1,393.9,113.8,299.9,726.5,1.0
530,-1,878.3,200.0,159.8,493.9,1.0
530,-1,207.6,199.3,242.0,637.3,1.0
530,-1,1127.9,264.9,123.4,310.3,1.0
547,-1,1273.8,42.8,386.1,989.3,1.0
547,-1,875.2,206.6,160.7,489.0,1.0
547,-1,157.5,1.0,369.2,1026.3,1.0
547,-1,562.3,283.8,77.9,264.1,1.0
547,-1,1095.4,270.5,134.0,329.0,1.0
547,-1,1.0,157.3,212.8,778.7,0.857
692,-1,1413.8,181.7,369.5,853.2,1.0
692,-1,771.7,364.5,109.0,286.2,1.0
692,-1,893.6,310.6,170.0,433.6,1.0
692,-1,1098.0,149.2,389.3,931.8,1.0
692,-1,436.4,314.1,131.7,494.2,1.0
523,-1,441.1,128.3,240.0,659.0,1.0
523,-1,1226.5,60.8,341.6,946.0,1.0
523,-1,250.4,210.4,230.7,575.5,1.0
523,-1,863.0,191.1,166.5,498.0,1.0
523,-1,1100.0,256.2,123.4,312.7,1.0
882,-1,1400.3,279.0,39.5,118.7,1.0
882,-1,1618.8,275.4,34.9,107.9,1.0
882,-1,520.7,136.1,211.0,546.2,1.0
882,-1,795.6,145.8,170.4,488.8,1.0
882,-1,956.2,128.6,161.1,518.1,1.0
882,-1,1829.8,270.8,40.1,118.6,1.0
882,-1,1133.4,282.1,44.2,122.0,1.0
882,-1,1180.6,201.1,116.8,368.8,0.999
882,-1,1809.5,278.2,38.6,108.7,0.985
882,-1,1332.9,291.1,26.3,89.8,0.965
882,-1,1456.6,298.2,26.8,63.4,0.964
882,-1,1358.5,292.3,26.2,92.8,0.954
882,-1,1317.9,291.3,25.9,88.8,0.546
882,-1,1422.0,285.1,32.1,94.4,0.087
774,-1,959.1,233.4,192.2,419.5,1.0
774,-1,131.4,1.0,415.4,1003.4,1.0
774,-1,822.5,156.6,159.5,527.0,1.0
774,-1,595.8,254.0,133.2,356.7,0.999
774,-1,704.3,196.2,161.1,445.5,0.997
623,-1,566.0,341.1,96.5,341.5,1.0
623,-1,857.8,307.4,155.8,454.9,1.0
623,-1,1328.7,313.3,128.5,465.4,1.0
623,-1,1005.7,290.4,147.3,475.8,1.0
623,-1,1110.4,341.6,125.6,401.8,0.955
623,-1,1683.8,102.8,237.2,978.2,0.526
605,-1,550.5,329.4,92.4,322.7,1.0
605,-1,830.4,274.8,153.4,466.5,1.0
605,-1,1530.4,64.2,390.6,1016.8,1.0
605,-1,1225.9,289.8,135.1,432.0,1.0
605,-1,1019.4,262.7,143.4,463.0,1.0
605,-1,1129.1,348.5,62.6,241.1,0.123
539,-1,1259.5,29.9,386.6,1029.3,1.0
539,-1,892.9,217.2,165.6,475.7,1.0
539,-1,315.7,49.6,322.4,878.7,1.0
539,-1,97.5,171.0,286.6,738.3,1.0
539,-1,1138.4,264.5,136.6,325.0,0.999
843,-1,1393.8,224.3,258.0,692.2,1.0
843,-1,584.5,194.1,251.3,740.0,1.0
843,-1,807.7,219.0,197.3,464.6,1.0
843,-1,1159.0,290.0,111.0,297.1,1.0
843,-1,973.6,182.1,176.4,538.0,1.0
843,-1,325.3,154.6,286.6,808.5,0.999
843,-1,1361.6,357.1,27.0,91.2,0.992
843,-1,1349.1,362.0,24.2,80.1,0.849
843,-1,1314.5,362.8,21.1,74.8,0.528
843,-1,1.6,14.1,387.1,1066.9,0.188
843,-1,1383.7,358.0,33.2,107.7,0.153
880,-1,794.0,163.1,173.4,473.9,1.0
880,-1,1401.7,278.2,39.5,118.1,1.0
880,-1,1626.1,273.6,34.8,107.1,1.0
880,-1,1179.9,204.1,113.6,366.3,1.0
880,-1,537.7,137.9,206.6,531.0,1.0
880,-1,969.7,138.2,156.7,516.6,1.0
880,-1,1134.5,283.3,46.0,122.2,1.0
880,-1,1832.2,272.1,36.5,114.0,0.996
880,-1,1810.6,276.3,39.1,109.5,0.99
880,-1,1457.5,297.0,29.5,63.0,0.976
880,-1,1330.8,291.9,26.3,88.3,0.965
880,-1,1362.0,292.7,28.7,86.8,0.955
880,-1,1314.8,292.7,26.5,88.1,0.325
880,-1,22.4,1.0,524.4,1080.0,0.095
509,-1,1204.0,121.1,360.9,923.3,1.0
509,-1,546.4,175.5,188.7,530.7,1.0
509,-1,396.6,253.3,181.6,460.4,1.0
509,-1,1108.3,300.5,119.9,289.7,1.0
509,-1,860.4,228.5,180.1,496.6,1.0
509,-1,984.6,232.0,115.3,458.0,0.485
565,-1,1305.0,48.0,354.3,1017.3,1.0
565,-1,542.9,293.5,84.4,285.9,1.0
565,-1,832.3,226.7,170.7,478.9,1.0
565,-1,1118.8,276.0,173.0,402.0,1.0
565,-1,1655.4,278.3,135.0,413.6,1.0
565,-1,957.0,222.7,147.7,471.6,0.996
760,-1,826.1,167.8,167.7,525.1,1.0
760,-1,385.4,18.8,386.0,905.5,1.0
760,-1,964.6,249.9,134.1,357.4,1.0
760,-1,1039.9,225.5,113.0,357.3,0.722
760,-1,722.1,193.6,137.7,443.7,0.334
864,-1,399.0,1.0,428.6,1080.0,1.0
864,-1,965.3,123.1,167.7,519.5,1.0
864,-1,1393.3,282.5,37.4,118.9,1.0
864,-1,1166.1,205.8,100.6,338.8,1.0
864,-1,799.2,137.0,178.8,468.6,0.999
864,-1,1.0,1.0,403.1,1080.0,0.999
864,-1,1615.6,61.0,305.4,1020.0,0.998
864,-1,1455.4,297.7,27.2,69.8,0.981
864,-1,1347.4,293.6,33.5,89.2,0.903
864,-1,1337.7,295.1,21.2,83.8,0.889
864,-1,1438.5,294.2,26.7,74.6,0.766
864,-1,1317.0,298.2,20.2,73.8,0.552
864,-1,1615.6,287.6,28.1,97.6,0.398
864,-1,1375.5,290.7,26.8,99.2,0.257
867,-1,798.4,137.6,175.5,467.4,1.0
867,-1,976.0,111.9,163.3,519.7,1.0
867,-1,1397.9,279.1,39.1,117.9,1.0
867,-1,1173.2,202.0,100.8,346.7,1.0
867,-1,346.1,1.0,470.0,1080.0,1.0
867,-1,1619.2,277.5,35.2,110.5,0.998
867,-1,1360.0,291.2,26.4,91.2,0.961
867,-1,1334.2,290.2,26.1,90.2,0.956
867,-1,1452.9,296.5,26.6,63.9,0.925
867,-1,1322.3,292.2,23.6,84.1,0.749
867,-1,6.6,1.0,351.4,1080.0,0.704
867,-1,1427.1,287.2,29.1,87.5,0.24
867,-1,1721.9,117.7,199.1,963.3,0.112
713,-1,894.0,74.7,328.4,966.1,1.0
713,-1,754.3,260.7,129.9,348.2,1.0
713,-1,355.0,196.9,163.9,562.2,1.0
713,-1,1245.5,1.0,660.3,1080.0,1.0
599,-1,1171.5,277.2,144.3,419.9,1.0
599,-1,803.0,260.4,161.3,472.3,1.0
599,-1,1492.3,58.2,413.1,1022.8,1.0
599,-1,994.0,245.0,152.1,490.0,1.0
599,-1,531.7,314.1,89.3,314.9,1.0
561,-1,1289.2,55.0,328.7,997.8,1.0
561,-1,527.4,300.3,81.0,277.2,1.0
561,-1,817.5,219.6,162.9,489.4,1.0
561,-1,1598.7,290.4,135.8,403.8,1.0
561,-1,1064.5,275.1,164.6,376.0,0.997
561,-1,942.2,210.7,136.5,470.5,0.996
561,-1,16.6,1.0,253.3,1080.0,0.341
788,-1,173.6,6.1,422.0,1023.0,1.0
788,-1,1060.0,163.8,195.1,506.2,1.0
788,-1,772.4,142.6,162.8,533.3,1.0
788,-1,950.2,198.8,172.1,501.5,1.0
788,-1,668.1,179.9,156.4,464.3,0.984
788,-1,615.5,247.8,94.2,368.1,0.12
794,-1,979.0,180.4,217.7,554.6,1.0
794,-1,80.4,1.0,536.0,1080.0,1.0
794,-1,806.1,148.3,167.9,548.0,1.0
794,-1,615.5,259.0,124.1,397.6,0.999
794,-1,724.7,188.0,129.0,453.1,0.641
794,-1,1127.1,162.0,160.7,535.4,0.078
492,-1,1215.8,135.4,374.6,900.0,1.0
492,-1,1004.7,233.7,141.3,450.2,1.0
492,-1,645.2,215.8,166.4,439.0,1.0
492,-1,527.8,270.3,157.7,383.8,1.0
492,-1,842.8,221.4,182.6,514.7,1.0
492,-1,1129.4,305.1,108.8,291.6,0.998
632,-1,806.5,302.8,182.3,469.7,1.0
632,-1,523.7,338.1,97.9,366.1,1.0
632,-1,1099.3,330.1,138.0,426.0,1.0
632,-1,967.0,284.7,150.3,488.8,0.999
632,-1,1332.0,299.3,125.1,491.8,0.999
632,-1,1247.0,321.3,140.2,440.9,0.988
632,-1,1674.6,104.6,246.4,976.4,0.568
459,-1,631.0,289.4,108.1,283.8,1.0
459,-1,1200.3,135.2,331.6,821.0,1.0
459,-1,765.1,199.2,176.1,529.7,1.0
459,-1,987.9,214.8,139.4,456.9,1.0
459,-1,1097.3,299.8,93.5,256.9,0.984
812,-1,1069.0,128.0,299.7,824.5,1.0
812,-1,892.7,179.4,158.1,523.7,1.0
812,-1,498.0,239.4,177.4,511.4,1.0
812,-1,644.9,259.2,151.2,479.9,1.0
812,-1,238.8,71.4,275.8,851.9,0.994
812,-1,791.6,202.5,159.8,469.5,0.993
803,-1,1009.0,181.0,288.7,669.7,1.0
803,-1,865.8,190.0,161.0,534.0,1.0
803,-1,1.0,1.0,603.1,1080.0,1.0
803,-1,639.8,266.7,139.0,439.8,0.997
803,-1,778.2,217.7,142.6,444.8,0.363
775,-1,962.7,226.6,182.4,425.8,1.0
775,-1,117.2,1.0,393.1,1010.4,1.0
775,-1,813.9,148.3,162.8,540.6,1.0
775,-1,596.7,248.7,127.0,362.1,0.999
775,-1,700.0,192.7,167.0,447.5,0.999
775,-1,419.8,64.4,182.0,788.7,0.103
716,-1,865.9,23.4,345.4,1057.6,1.0
716,-1,347.7,187.5,160.0,570.1,1.0
716,-1,749.4,251.8,136.9,345.9,1.0
716,-1,1281.7,1.0,610.9,1080.0,0.863
717,-1,840.9,24.5,360.9,1056.5,1.0
717,-1,749.9,248.7,139.9,353.1,1.0
717,-1,346.0,180.7,166.6,578.0,1.0
717,-1,1307.2,1.0,613.8,1080.0,0.76
589,-1,1457.3,69.4,422.2,1011.6,1.0
589,-1,549.6,305.3,85.0,306.0,1.0
589,-1,845.3,246.3,151.5,480.5,1.0
589,-1,1139.8,289.2,143.0,388.8,1.0
589,-1,989.5,243.9,142.0,478.0,1.0
831,-1,580.1,226.8,209.4,638.0,1.0
831,-1,7.9,1.0,415.8,1080.0,1.0
831,-1,751.1,202.2,185.4,470.1,1.0
831,-1,910.8,180.4,169.2,529.6,1.0
831,-1,365.0,193.1,215.9,680.4,1.0
831,-1,1133.2,1.0,674.7,1080.0,0.999
520,-1,454.9,145.9,227.8,625.1,1.0
520,-1,277.1,237.3,224.6,519.8,1.0
520,-1,1207.2,56.9,358.6,934.1,1.0
520,-1,852.4,192.3,173.9,498.7,1.0
520,-1,1095.9,262.9,117.6,315.0,1.0
521,-1,448.0,143.8,235.9,631.2,1.0
521,-1,266.4,231.4,229.0,528.1,1.0
521,-1,1222.0,68.6,347.2,953.3,1.0
521,-1,857.0,195.3,168.3,495.2,1.0
521,-1,1098.0,265.8,115.1,313.3,1.0
470,-1,1178.9,95.4,373.3,909.7,1.0
470,-1,758.3,169.5,176.6,530.6,1.0
470,-1,598.3,270.9,115.0,305.1,1.0
470,-1,989.3,197.6,150.7,465.2,1.0
470,-1,706.5,220.6,94.3,349.8,0.064
764,-1,314.7,35.2,403.4,921.4,1.0
764,-1,962.7,243.2,161.9,379.5,1.0
764,-1,833.3,169.2,162.1,524.1,1.0
764,-1,708.9,202.0,161.0,454.8,0.998
855,-1,976.8,129.3,169.9,529.6,1.0
855,-1,1529.8,130.5,315.3,936.7,1.0
855,-1,1172.0,236.2,103.4,321.6,1.0
855,-1,1414.6,304.9,37.4,120.6,1.0
855,-1,521.9,95.1,333.5,950.6,1.0
855,-1,183.8,5.6,368.8,1075.4,1.0
855,-1,810.7,164.0,191.2,463.2,0.999
855,-1,1368.4,319.8,28.4,89.1,0.961
855,-1,1351.8,322.2,23.7,80.6,0.934
855,-1,1458.6,322.6,29.0,66.3,0.591
663,-1,485.7,357.8,105.8,422.6,1.0
663,-1,1441.8,278.8,174.4,574.9,1.0
663,-1,844.0,328.3,169.9,453.7,1.0
663,-1,1096.7,293.9,211.5,596.6,1.0
663,-1,1289.1,283.9,182.4,583.8,1.0
663,-1,768.7,394.8,88.1,245.9,1.0
663,-1,985.4,305.2,153.5,496.8,0.998
777,-1,961.6,216.9,178.7,437.2,1.0
777,-1,78.7,1.0,365.7,992.2,1.0
777,-1,680.9,183.7,176.1,461.5,1.0
777,-1,806.9,142.0,156.7,550.3,1.0
777,-1,357.8,53.0,250.7,820.1,0.993
777,-1,579.7,235.1,124.3,367.3,0.977
819,-1,171.7,25.9,303.4,931.3,1.0
819,-1,625.1,247.5,174.5,519.1,1.0
819,-1,1116.1,100.9,326.9,958.4,1.0
819,-1,435.2,223.2,203.1,568.9,1.0
819,-1,887.5,179.9,168.9,545.3,1.0
819,-1,755.8,213.3,173.4,463.0,0.993
819,-1,1053.5,301.3,102.6,270.1,0.986
507,-1,1201.3,113.7,365.8,937.1,1.0
507,-1,561.0,187.5,190.0,520.5,1.0
507,-1,415.1,261.1,177.1,443.3,1.0
507,-1,857.5,228.5,176.9,502.5,1.0
507,-1,983.7,222.5,143.0,466.4,0.998
507,-1,1117.8,308.0,115.1,291.1,0.997
482,-1,783.9,183.2,171.9,514.4,1.0
482,-1,1188.0,97.1,367.4,876.9,1.0
482,-1,528.8,273.1,143.2,329.8,1.0
482,-1,645.8,208.3,142.4,405.8,1.0
482,-1,974.0,203.3,139.3,454.5,1.0
482,-1,1083.0,278.2,106.1,281.6,0.996
674,-1,724.1,388.0,95.0,260.2,1.0
674,-1,1057.9,253.4,262.4,726.9,1.0
674,-1,423.5,342.0,115.2,462.6,1.0
674,-1,827.3,327.3,172.2,443.3,1.0
674,-1,1431.2,262.0,214.6,611.4,1.0
674,-1,1267.3,244.0,203.4,665.1,0.999
674,-1,954.5,298.7,158.5,502.3,0.995
821,-1,1112.8,71.4,372.2,1009.6,1.0
821,-1,616.1,236.6,179.3,532.9,1.0
821,-1,159.9,21.6,304.5,978.1,1.0
821,-1,884.5,187.3,163.9,534.8,1.0
821,-1,432.2,211.4,195.6,580.3,1.0
821,-1,1053.6,298.3,103.1,273.2,0.998
821,-1,752.9,215.1,173.8,460.8,0.995
739,-1,621.4,166.3,173.0,454.1,1.0
739,-1,974.6,67.7,249.6,764.3,1.0
739,-1,827.6,174.5,166.5,441.2,0.999
612,-1,581.7,331.2,94.5,332.4,1.0
612,-1,869.6,274.2,150.9,476.0,1.0
612,-1,1291.3,299.0,134.0,446.1,1.0
612,-1,1037.0,268.5,143.3,477.8,1.0
612,-1,1605.2,69.0,315.8,1012.0,0.995
612,-1,1168.8,361.8,77.8,233.7,0.993
709,-1,758.3,281.4,125.6,324.7,1.0
709,-1,958.5,99.9,278.1,874.0,1.0
709,-1,377.5,219.1,151.5,546.7,1.0
709,-1,1200.0,1.0,549.0,1080.0,0.999
709,-1,1602.7,1.0,318.3,1080.0,0.946
619,-1,577.8,339.6,100.3,339.1,1.0
619,-1,1330.6,309.7,125.2,456.5,1.0
619,-1,1030.7,286.5,145.6,487.1,1.0
619,-1,874.3,293.7,150.6,474.7,1.0
619,-1,1171.5,371.6,76.7,257.6,0.814
619,-1,1673.7,103.5,247.3,977.5,0.331
646,-1,533.4,364.8,100.8,381.3,1.0
646,-1,858.2,329.8,177.0,456.4,1.0
646,-1,1405.2,290.0,140.2,530.6,1.0
646,-1,1121.5,328.2,173.1,487.3,1.0
646,-1,1286.6,317.4,161.5,467.6,1.0
646,-1,998.1,312.2,159.9,483.6,0.999
646,-1,824.7,406.1,66.8,217.9,0.54
844,-1,1401.7,206.6,284.2,756.1,1.0
844,-1,819.1,216.8,189.6,457.7,1.0
844,-1,583.0,178.2,262.6,765.6,1.0
844,-1,1161.2,284.5,111.4,299.6,1.0
844,-1,977.3,169.9,176.5,537.9,1.0
844,-1,299.1,130.5,300.4,836.0,0.999
844,-1,1366.3,354.5,26.3,87.6,0.982
844,-1,1350.6,358.4,24.3,79.6,0.844
844,-1,1383.7,353.1,27.7,89.9,0.63
844,-1,1403.3,351.4,30.0,112.9,0.084
844,-1,11.6,41.6,361.0,1039.4,0.07
573,-1,580.8,303.9,86.1,288.1,1.0
573,-1,1314.5,44.1,479.3,1036.9,1.0
573,-1,867.2,241.7,168.8,475.9,1.0
573,-1,1745.2,289.2,139.3,428.9,1.0
573,-1,1000.8,239.7,145.1,468.0,0.999
573,-1,1117.0,278.8,139.1,375.3,0.993
563,-1,1299.4,49.0,331.2,1008.4,1.0
563,-1,534.5,297.2,80.7,279.3,1.0
563,-1,822.6,223.9,167.1,475.4,1.0
563,-1,1620.2,287.7,138.5,407.3,0.999
563,-1,1082.7,267.9,170.9,392.0,0.999
563,-1,947.3,223.6,147.5,467.7,0.998
501,-1,1214.0,128.6,345.6,914.1,1.0
501,-1,858.7,231.8,178.3,510.4,1.0
501,-1,619.5,213.3,172.5,478.0,1.0
501,-1,472.2,281.7,168.9,409.4,1.0
501,-1,1001.5,238.9,144.1,451.3,1.0
501,-1,1129.6,310.1,113.0,303.3,0.99
756,-1,481.6,45.7,392.5,861.1,1.0
756,-1,1027.4,217.2,130.8,351.4,0.999
756,-1,957.0,251.0,117.9,341.3,0.999
756,-1,829.0,155.5,152.7,525.7,0.993
756,-1,390.4,140.2,224.4,594.2,0.946
494,-1,1215.5,129.6,355.0,910.4,1.0
494,-1,646.3,211.7,162.8,451.4,1.0
494,-1,848.2,224.9,183.8,503.3,1.0
494,-1,513.6,274.4,169.2,393.0,1.0
494,-1,1002.5,230.9,137.3,455.3,1.0
494,-1,1133.0,312.3,105.1,285.8,0.98
452,-1,715.9,204.2,174.0,522.7,1.0
452,-1,1163.9,147.1,319.1,818.3,1.0
452,-1,939.0,222.6,139.7,435.7,1.0
452,-1,599.5,308.1,113.3,263.2,1.0
452,-1,556.7,314.7,65.9,205.4,0.989
452,-1,1126.1,319.9,79.2,244.4,0.236
456,-1,1189.7,143.5,321.2,834.9,1.0
456,-1,747.6,206.3,168.8,519.0,1.0
456,-1,967.4,216.2,137.0,444.0,1.0
456,-1,616.1,296.0,110.5,277.8,1.0
456,-1,1079.5,304.4,82.5,255.0,0.653
542,-1,1271.7,52.6,384.0,1011.8,1.0
542,-1,1122.5,266.6,132.7,333.4,1.0
542,-1,887.4,207.4,168.2,498.9,1.0
542,-1,261.5,27.4,344.7,912.3,1.0
542,-1,579.0,292.7,82.0,251.7,1.0
542,-1,39.8,165.0,298.3,764.5,1.0
478,-1,1190.0,95.0,348.7,871.0,1.0
478,-1,759.7,177.7,185.4,533.5,1.0
478,-1,547.3,260.7,134.4,334.3,1.0
478,-1,971.3,193.2,143.3,459.9,1.0
478,-1,652.6,196.6,135.5,398.8,0.998
478,-1,1081.9,271.6,103.7,273.5,0.993
637,-1,519.0,360.2,96.9,367.5,1.0
637,-1,816.6,312.6,195.2,462.2,1.0
637,-1,968.1,297.8,151.1,490.6,1.0
637,-1,1241.4,312.4,170.3,469.4,1.0
637,-1,1098.6,328.4,152.3,449.4,0.999
637,-1,1349.7,293.4,137.4,512.2,0.999
637,-1,1693.1,97.6,227.9,983.4,0.295
792,-1,970.1,187.5,197.4,543.3,1.0
792,-1,102.0,1.0,507.4,1080.0,1.0
792,-1,1088.9,168.5,197.5,529.4,0.999
792,-1,787.4,152.8,167.4,532.2,0.999
792,-1,606.5,263.2,113.4,374.7,0.981
792,-1,684.8,184.3,152.7,469.2,0.964
587,-1,1439.9,77.7,445.6,1003.3,1.0
587,-1,560.9,298.4,83.9,310.5,1.0
587,-1,1140.2,286.0,140.2,386.2,1.0
587,-1,855.8,250.0,151.3,475.8,1.0
587,-1,995.7,241.4,140.8,476.4,1.0
620,-1,578.0,350.4,94.1,329.7,1.0
620,-1,869.9,304.6,155.7,466.4,1.0
620,-1,1024.8,288.8,150.6,481.8,1.0
620,-1,1332.8,306.5,123.3,464.0,1.0
620,-1,1683.7,104.8,237.3,976.2,0.371
620,-1,1119.8,343.8,99.9,386.6,0.097
620,-1,1176.1,373.5,72.7,246.6,0.096
801,-1,1008.9,184.6,284.9,633.4,1.0
801,-1,638.4,274.7,133.2,424.7,1.0
801,-1,851.8,190.5,174.1,537.2,1.0
801,-1,1.0,1.0,616.6,1080.0,1.0
801,-1,789.4,216.5,133.3,449.5,0.164
468,-1,1180.1,108.2,379.7,877.1,1.0
468,-1,770.6,177.9,167.4,519.7,1.0
468,-1,991.6,202.0,154.5,466.0,1.0
468,-1,611.6,271.1,113.4,304.0,1.0
468,-1,1093.7,279.9,99.2,265.7,0.056
469,-1,763.7,177.9,172.1,515.7,1.0
469,-1,1178.4,92.4,379.4,912.8,1.0
469,-1,989.5,205.8,157.3,459.3,1.0
469,-1,605.5,275.8,112.2,297.4,1.0
472,-1,1172.0,98.9,374.8,905.4,1.0
472,-1,760.4,170.1,173.4,532.3,1.0
472,-1,584.3,263.7,122.0,313.6,1.0
472,-1,984.4,203.1,150.6,447.1,1.0
472,-1,689.9,203.1,115.0,374.8,0.991
472,-1,1092.5,263.7,97.5,286.8,0.071
473,-1,1176.2,101.9,370.4,888.7,1.0
473,-1,759.0,166.5,176.5,541.4,1.0
473,-1,575.2,261.0,126.5,311.6,1.0
473,-1,981.0,201.6,150.7,450.3,1.0
473,-1,675.2,210.6,122.5,361.2,0.988
479,-1,1174.7,90.6,377.7,867.2,1.0
479,-1,762.9,179.3,183.5,530.1,1.0
479,-1,968.0,196.9,143.1,450.6,1.0
479,-1,543.1,268.2,134.8,325.1,1.0
479,-1,651.4,199.2,137.3,396.8,0.999
479,-1,1082.9,273.6,104.4,272.3,0.998
483,-1,1195.5,109.4,365.7,866.3,1.0
483,-1,780.3,184.1,180.5,514.1,1.0
483,-1,977.7,196.7,141.3,460.7,1.0
483,-1,527.0,267.6,144.5,351.3,1.0
483,-1,643.5,208.0,146.5,408.4,1.0
483,-1,1088.1,269.1,104.1,285.2,0.998
490,-1,1218.6,137.5,371.2,913.8,1.0
490,-1,658.3,210.3,157.2,436.9,1.0
490,-1,835.6,208.3,181.0,515.0,1.0
490,-1,529.9,272.9,155.6,364.1,1.0
490,-1,1001.2,231.0,143.3,442.1,1.0
490,-1,1124.4,294.5,108.5,285.0,0.999
496,-1,1206.4,123.5,366.4,913.7,1.0
496,-1,857.9,232.0,172.6,509.1,1.0
496,-1,638.1,213.4,169.0,454.4,1.0
496,-1,1002.6,239.5,137.7,448.0,1.0
496,-1,509.8,275.1,169.2,403.7,1.0
496,-1,1135.6,310.3,107.8,297.3,0.764
497,-1,1197.6,108.2,365.3,920.7,1.0
497,-1,851.4,231.7,182.5,500.9,1.0
497,-1,636.0,210.5,173.0,460.0,1.0
497,-1,510.3,275.4,162.1,392.5,1.0
497,-1,997.6,234.1,144.1,454.3,1.0
497,-1,1133.2,307.1,113.6,301.7,0.506
504,-1,1203.0,108.5,355.3,955.0,1.0
504,-1,584.9,199.2,185.5,505.5,1.0
504,-1,449.6,264.2,181.3,430.8,1.0
504,-1,863.4,225.9,168.0,511.2,1.0
504,-1,994.5,234.0,140.9,451.2,1.0
504,-1,1122.3,311.8,115.9,295.5,0.996
505,-1,1204.8,112.7,358.9,950.8,1.0
505,-1,579.0,180.1,186.7,523.7,1.0
505,-1,439.3,258.4,173.8,447.5,1.0
505,-1,863.6,221.0,172.7,512.4,1.0
505,-1,989.3,230.3,145.3,448.3,0.999
505,-1,1122.7,301.0,116.3,295.5,0.996
515,-1,489.9,161.6,200.6,578.8,1.0
515,-1,1205.4,64.1,362.9,924.0,1.0
515,-1,856.2,201.3,166.7,504.7,1.0
515,-1,1098.7,272.9,117.1,306.6,1.0
515,-1,328.9,235.1,205.4,503.0,1.0
518,-1,464.6,140.9,215.4,612.4,1.0
518,-1,1201.5,63.1,365.5,926.0,1.0
518,-1,301.2,241.9,215.0,512.5,1.0
518,-1,855.9,195.0,165.1,506.6,1.0
518,-1,1094.0,265.5,122.2,310.1,1.0
519,-1,288.4,239.3,217.2,514.1,1.0
519,-1,459.1,141.3,223.8,618.4,1.0
519,-1,1214.0,74.6,352.2,935.4,1.0
519,-1,1094.5,266.0,116.3,313.3,1.0
519,-1,851.9,197.9,168.1,498.8,1.0
522,-1,440.2,137.3,242.7,641.9,1.0
522,-1,1230.1,50.3,339.8,942.0,1.0
522,-1,263.5,214.3,231.3,553.3,1.0
522,-1,859.1,194.2,165.3,495.9,1.0
522,-1,1100.3,258.1,120.1,312.5,1.0
525,-1,428.3,116.9,254.1,687.7,1.0
525,-1,1226.0,58.5,341.7,943.3,1.0
525,-1,242.1,217.9,234.5,564.8,1.0
525,-1,1110.8,249.6,119.2,324.8,1.0
525,-1,865.1,191.8,166.2,500.8,1.0
527,-1,410.8,128.0,279.3,678.5,1.0
527,-1,869.4,194.5,169.2,507.7,1.0
527,-1,1229.7,66.2,348.1,937.9,1.0
527,-1,230.1,210.8,237.0,574.3,1.0
527,-1,1117.0,257.4,122.6,312.3,0.999
533,-1,1242.1,61.8,372.9,944.2,1.0
533,-1,886.3,207.1,163.9,483.5,1.0
533,-1,182.3,198.5,261.2,676.3,1.0
533,-1,377.0,87.2,303.9,796.1,1.0
533,-1,1134.6,273.4,131.4,319.0,1.0
546,-1,1270.7,39.8,385.0,1027.2,1.0
546,-1,878.6,208.4,159.4,486.0,1.0
546,-1,1103.2,267.9,131.5,332.7,1.0
546,-1,178.0,1.0,360.2,1027.7,1.0
546,-1,565.9,290.7,80.7,258.2,1.0
546,-1,1.0,92.3,241.9,889.8,0.998
550,-1,1278.7,59.7,358.8,1011.6,1.0
550,-1,543.0,281.4,77.3,270.0,1.0
550,-1,81.3,1.0,412.6,1080.0,1.0
550,-1,859.4,203.2,163.6,497.3,1.0
550,-1,1078.4,273.9,131.5,351.0,1.0
557,-1,1282.5,62.1,333.4,995.6,1.0
557,-1,828.6,221.8,161.6,479.8,1.0
557,-1,522.0,294.9,78.3,275.8,1.0
557,-1,1034.3,270.9,131.9,386.5,0.999
557,-1,1.0,1.0,387.2,1080.0,0.998
557,-1,1570.9,286.6,128.5,403.6,0.674
558,-1,1288.3,56.2,329.8,998.5,1.0
558,-1,523.1,294.0,77.0,276.9,1.0
558,-1,824.8,225.8,165.0,473.7,1.0
558,-1,1573.3,289.4,140.5,394.2,0.999
558,-1,1043.4,270.1,139.0,382.3,0.998
558,-1,1.0,1.0,344.3,1080.0,0.996
559,-1,1287.2,54.0,327.5,996.2,1.0
559,-1,522.3,294.7,81.1,280.8,1.0
559,-1,825.4,219.3,163.7,481.2,1.0
559,-1,1583.1,291.2,133.6,401.1,0.999
559,-1,1052.0,274.0,141.8,372.3,0.997
559,-1,945.1,214.7,121.6,477.1,0.973
559,-1,4.6,1.0,319.2,1080.0,0.942
575,-1,1332.9,41.3,471.1,1039.7,1.0
575,-1,588.8,305.8,83.2,286.6,1.0
575,-1,875.8,243.2,159.9,471.2,1.0
575,-1,1122.9,275.2,134.2,375.1,1.0
575,-1,1761.0,287.3,139.9,431.4,1.0
575,-1,1015.6,240.5,139.4,460.1,0.999
579,-1,1368.4,68.9,461.8,1012.1,1.0
579,-1,589.5,298.1,82.1,304.5,1.0
579,-1,885.7,248.2,150.7,483.3,1.0
579,-1,1125.8,289.6,143.6,373.6,0.999
579,-1,1009.2,240.9,145.9,472.4,0.999
579,-1,1788.8,303.8,132.2,443.4,0.998
583,-1,1425.7,76.2,437.5,1004.8,1.0
583,-1,579.1,303.8,86.3,304.2,1.0
583,-1,1131.4,287.8,147.3,378.2,1.0
583,-1,873.2,249.9,153.2,475.6,1.0
583,-1,1007.0,237.5,146.5,474.3,1.0
585,-1,1444.9,83.4,426.7,997.6,1.0
585,-1,570.5,298.7,84.1,309.2,1.0
585,-1,865.7,253.7,153.0,474.5,1.0
585,-1,1139.1,293.4,139.9,372.7,1.0
585,-1,1000.0,235.7,145.6,483.0,1.0
594,-1,1155.6,279.4,138.3,407.1,1.0
594,-1,1457.7,60.2,450.9,1020.8,1.0
594,-1,533.8,302.4,87.4,318.0,1.0
594,-1,815.5,248.3,156.9,473.9,1.0
594,-1,984.9,239.7,147.0,490.1,1.0
597,-1,1467.1,55.6,429.2,1025.4,1.0
597,-1,530.1,311.1,89.5,309.5,1.0
597,-1,1164.8,277.4,142.6,416.4,1.0
597,-1,806.8,241.6,162.4,477.8,1.0
597,-1,991.3,252.1,150.1,479.1,0.999
613,-1,1298.4,296.1,132.7,451.2,1.0
613,-1,584.6,323.3,93.2,345.3,1.0
613,-1,871.2,275.2,153.9,481.0,1.0
613,-1,1033.8,269.7,146.5,484.8,1.0
613,-1,1175.3,359.3,73.8,234.7,0.998
613,-1,1611.9,79.7,309.1,1001.3,0.982
616,-1,882.9,283.0,145.7,487.3,1.0
616,-1,1033.3,276.9,147.8,490.7,1.0
616,-1,1322.4,301.4,132.8,459.1,1.0
616,-1,587.7,335.0,95.4,341.4,1.0
616,-1,1174.5,365.7,86.5,242.8,0.999
616,-1,1656.8,83.5,264.2,997.5,0.59
625,-1,554.8,338.2,97.6,352.7,1.0
625,-1,841.1,304.6,160.0,465.9,1.0
625,-1,1330.7,300.9,123.1,484.0,1.0
625,-1,995.8,283.1,141.9,482.6,0.999
625,-1,1094.6,338.6,142.0,408.0,0.999
625,-1,1687.4,121.1,233.6,959.9,0.849
629,-1,533.7,342.3,95.6,355.2,1.0
629,-1,819.4,301.1,180.3,461.8,1.0
629,-1,1326.4,299.6,124.1,495.1,1.0
629,-1,1099.0,334.2,139.8,418.2,1.0
629,-1,973.0,288.0,151.6,481.4,0.999
629,-1,1674.9,107.5,246.1,973.5,0.846
630,-1,532.0,341.0,93.4,360.6,1.0
630,-1,811.1,299.2,184.4,471.7,1.0
630,-1,1097.2,332.8,138.5,420.3,1.0
630,-1,1326.0,299.8,127.4,495.4,1.0
630,-1,971.0,286.3,143.6,486.6,1.0
630,-1,1674.7,100.0,246.3,981.0,0.797
633,-1,806.6,303.4,185.0,468.6,1.0
633,-1,521.5,345.0,97.7,358.8,1.0
633,-1,1100.7,331.4,137.9,429.3,1.0
633,-1,963.2,282.9,150.1,491.1,0.999
633,-1,1333.3,302.5,128.2,487.3,0.999
633,-1,1239.6,308.2,151.0,467.4,0.998
633,-1,1677.0,105.6,244.0,975.4,0.614
634,-1,810.9,311.9,186.4,464.8,1.0
634,-1,520.1,348.6,96.7,362.3,1.0
634,-1,1338.0,293.9,123.2,497.2,1.0
634,-1,1098.8,331.5,147.9,434.1,1.0
634,-1,964.1,287.8,150.7,480.0,1.0
634,-1,1239.5,317.3,148.6,456.3,0.999
634,-1,1689.0,92.1,232.0,988.9,0.191
640,-1,520.5,360.0,96.8,373.9,1.0
640,-1,824.7,317.0,186.1,457.0,1.0
640,-1,967.4,300.4,156.8,493.8,1.0
640,-1,1252.3,317.9,165.7,461.4,1.0
640,-1,1361.3,287.0,138.1,527.6,0.999
640,-1,1104.8,327.1,154.7,457.6,0.999
640,-1,1699.5,102.4,221.5,978.6,0.257
645,-1,533.0,366.5,101.3,377.7,1.0
645,-1,861.3,319.8,160.4,461.4,1.0
645,-1,1278.3,320.2,163.7,479.7,1.0
645,-1,990.4,307.8,151.7,474.5,1.0
645,-1,1118.6,329.6,168.5,480.1,0.999
645,-1,1394.6,292.9,143.4,528.5,0.999
645,-1,825.1,406.6,62.3,214.9,0.277
648,-1,534.5,361.7,100.7,397.2,1.0
648,-1,1120.6,334.0,177.3,487.2,1.0
648,-1,868.9,328.6,163.1,462.1,1.0
648,-1,1292.3,316.5,163.1,488.1,1.0
648,-1,1413.2,289.1,143.0,552.3,1.0
648,-1,1006.5,309.3,151.4,492.8,0.999
648,-1,818.4,409.4,80.5,212.7,0.993
649,-1,534.5,362.0,100.5,397.9,1.0
649,-1,1125.3,332.0,181.4,490.4,1.0
649,-1,868.4,328.4,170.3,467.6,1.0
649,-1,1294.8,307.3,167.3,489.7,1.0
649,-1,1413.8,298.8,152.8,540.1,0.999
649,-1,1009.1,309.4,144.6,492.0,0.999
649,-1,816.7,407.6,84.2,216.4,0.998
651,-1,534.2,361.3,101.5,398.3,1.0
651,-1,1126.4,329.9,182.2,508.9,1.0
651,-1,1299.1,308.3,167.6,509.9,1.0
651,-1,875.3,327.4,169.3,468.6,1.0
651,-1,1005.4,303.6,159.3,493.7,1.0
651,-1,1427.8,288.2,152.9,538.4,0.999
651,-1,815.4,407.3,85.6,223.0,0.997
654,-1,530.5,365.2,102.0,396.3,1.0
654,-1,1113.3,324.6,190.8,528.9,1.0
654,-1,872.8,331.4,168.9,464.0,1.0
654,-1,1307.8,307.5,172.1,516.8,1.0
654,-1,1436.9,291.0,157.1,561.5,1.0
654,-1,1007.9,296.8,156.1,501.2,1.0
654,-1,812.5,405.7,81.0,232.0,0.999
666,-1,1278.5,279.8,188.3,597.4,1.0
666,-1,1438.1,276.9,184.1,595.9,1.0
666,-1,463.5,353.5,108.9,430.4,1.0
666,-1,1084.4,292.8,217.8,611.3,1.0
666,-1,837.7,325.7,164.2,451.8,1.0
666,-1,749.5,398.3,90.7,244.5,1.0
666,-1,978.8,299.9,148.3,485.7,0.999
672,-1,1063.4,264.6,247.3,696.9,1.0
672,-1,429.9,343.7,112.3,451.5,1.0
672,-1,725.1,387.5,95.6,264.0,1.0
672,-1,829.1,327.4,172.0,448.1,1.0
672,-1,1423.9,267.7,211.3,604.0,1.0
672,-1,1272.4,245.7,197.0,640.5,1.0
672,-1,951.3,299.3,157.9,490.6,0.997
677,-1,721.4,381.9,98.2,273.9,1.0
677,-1,413.1,345.8,117.8,457.4,1.0
677,-1,1068.5,252.0,272.7,747.3,1.0
677,-1,826.3,329.9,180.1,444.0,1.0
677,-1,1285.9,238.6,210.3,689.2,1.0
677,-1,1432.8,262.2,221.7,616.8,0.999
677,-1,957.5,293.8,155.4,495.8,0.995
687,-1,1078.6,185.2,343.5,895.8,1.0
687,-1,750.4,391.3,108.2,277.0,1.0
687,-1,1378.6,198.7,282.5,802.0,1.0
687,-1,430.1,335.0,125.0,485.5,1.0
687,-1,859.1,325.9,189.2,445.7,1.0
687,-1,998.0,300.0,153.8,489.0,0.929
688,-1,1088.2,181.8,340.8,899.2,1.0
688,-1,432.5,327.5,129.9,487.8,1.0
688,-1,1387.8,194.9,298.8,818.8,1.0
688,-1,872.1,328.9,173.1,427.5,1.0
688,-1,753.4,381.7,114.8,285.5,1.0
688,-1,1003.5,291.6,152.8,510.2,0.797
690,-1,768.0,376.1,105.5,278.3,1.0
690,-1,1086.0,171.4,362.1,909.6,1.0
690,-1,1397.8,173.1,343.5,838.1,1.0
690,-1,436.8,321.7,128.7,491.0,1.0
690,-1,885.0,317.1,178.4,431.6,1.0
690,-1,1018.8,286.0,143.1,487.7,0.421
693,-1,1423.1,152.1,389.8,877.1,1.0
693,-1,772.3,359.1,110.5,289.9,1.0
693,-1,1082.2,140.3,408.2,940.7,1.0
693,-1,436.5,308.1,134.4,490.5,1.0
693,-1,896.1,304.3,170.5,437.8,1.0
698,-1,1096.7,52.1,440.7,1028.9,1.0
698,-1,1468.3,115.0,442.3,966.0,1.0
698,-1,767.8,332.0,116.2,311.6,1.0
698,-1,420.6,280.9,141.3,514.3,1.0
698,-1,907.6,291.2,174.5,426.7,0.999
704,-1,757.3,311.6,122.3,318.1,1.0
704,-1,393.9,258.1,145.7,526.1,1.0
704,-1,1500.4,35.8,420.6,1045.2,1.0
704,-1,1135.8,1.0,472.8,1080.0,1.0
704,-1,920.4,263.0,144.5,433.7,0.953
704,-1,1014.4,165.4,213.3,770.7,0.95
704,-1,865.0,337.0,62.5,251.6,0.063
706,-1,755.5,302.6,124.7,320.6,1.0
706,-1,385.2,242.0,150.8,540.0,1.0
706,-1,1517.2,10.7,403.8,1070.3,1.0
706,-1,1180.5,1.0,448.5,1080.0,0.999
706,-1,995.0,138.6,244.0,834.7,0.999
708,-1,757.5,286.5,126.5,322.5,1.0
708,-1,380.6,227.1,148.9,541.8,1.0
708,-1,968.9,120.7,259.7,859.2,1.0
708,-1,1180.6,1.0,533.4,1080.0,0.999
708,-1,1548.8,2.6,372.2,1078.4,0.99
720,-1,776.8,1.0,374.4,1080.0,1.0
720,-1,333.0,172.5,169.6,596.9,1.0
720,-1,1233.0,316.2,79.7,205.2,0.339
720,-1,1400.1,19.6,520.9,1061.4,0.142
723,-1,693.0,1.0,411.5,1080.0,1.0
723,-1,316.4,161.8,173.7,614.6,1.0
723,-1,1056.8,156.4,162.6,520.7,1.0
723,-1,1234.4,126.2,288.2,954.8,0.75
732,-1,1079.2,93.0,355.9,731.9,1.0
732,-1,275.7,3.2,603.4,1077.8,1.0
732,-1,878.1,183.0,183.5,444.3,0.998
732,-1,249.6,104.2,184.2,742.7,0.761
732,-1,1042.2,123.6,160.0,564.4,0.051
737,-1,1010.8,70.3,274.6,723.4,1.0
737,-1,667.5,179.2,160.4,432.0,0.999
737,-1,860.7,172.5,159.3,457.5,0.999
737,-1,1.0,45.4,730.2,1035.6,0.305
740,-1,606.2,165.7,174.4,456.0,1.0
740,-1,966.8,62.4,229.2,789.3,1.0
740,-1,815.9,183.0,161.6,441.4,1.0
740,-1,1149.2,295.6,73.3,212.9,0.97
743,-1,553.5,160.6,196.4,473.2,1.0
743,-1,884.7,59.1,254.7,799.2,1.0
743,-1,785.1,180.6,163.9,440.8,0.998
743,-1,1118.2,272.8,77.8,263.7,0.606
745,-1,810.1,65.7,293.5,793.0,1.0
745,-1,522.3,158.4,201.9,489.9,1.0
745,-1,1064.9,241.2,110.8,301.1,0.602
745,-1,13.5,4.3,167.3,842.9,0.289
748,-1,720.3,58.1,340.8,824.3,1.0
748,-1,476.0,152.0,208.0,519.6,1.0
748,-1,1028.5,230.6,129.7,311.4,0.723
750,-1,446.0,150.1,217.2,530.7,1.0
750,-1,658.9,53.3,385.8,821.3,1.0
750,-1,968.1,227.8,118.8,331.6,0.452
757,-1,454.7,42.4,406.5,848.4,1.0
757,-1,954.3,247.0,124.6,353.5,0.999
757,-1,824.8,169.4,159.4,529.8,0.998
757,-1,1033.3,221.0,130.7,348.1,0.998
757,-1,381.5,134.2,217.5,615.3,0.275
761,-1,824.2,166.4,165.1,533.3,1.0
761,-1,349.0,21.8,413.8,884.4,1.0
761,-1,967.5,252.4,135.8,353.0,0.999
761,-1,1053.3,238.0,118.7,347.7,0.626
761,-1,708.9,201.2,161.4,437.3,0.589
762,-1,827.3,167.6,162.7,523.5,1.0
762,-1,345.6,54.1,395.3,907.1,1.0
762,-1,969.8,245.8,141.1,372.7,1.0
762,-1,706.0,196.3,162.1,446.0,0.772
763,-1,327.1,43.5,408.1,899.3,1.0
763,-1,830.3,172.8,165.2,520.2,1.0
763,-1,970.4,240.3,147.3,389.2,1.0
763,-1,700.4,208.0,163.3,443.3,0.97
763,-1,1060.5,261.3,106.2,333.5,0.269
767,-1,263.2,16.8,429.5,981.9,1.0
767,-1,970.2,233.4,175.2,405.1,1.0
767,-1,831.5,163.7,160.3,510.4,1.0
767,-1,708.6,204.5,166.0,452.0,0.999
773,-1,966.2,237.3,186.4,413.6,1.0
773,-1,153.4,5.9,430.2,996.0,1.0
773,-1,826.3,149.6,162.2,537.9,0.999
773,-1,610.3,259.5,119.8,356.5,0.999
773,-1,706.5,200.5,163.7,444.4,0.999
782,-1,775.8,149.6,163.4,536.3,1.0
782,-1,250.4,38.6,343.5,874.7,1.0
782,-1,949.8,198.8,169.0,473.2,1.0
782,-1,1062.9,182.0,163.4,463.1,1.0
782,-1,1.0,1.0,303.1,1060.6,0.999
782,-1,666.3,178.1,163.8,463.5,0.988
782,-1,504.7,422.5,98.5,207.9,0.083
785,-1,224.5,13.1,356.5,951.7,1.0
785,-1,773.7,142.9,161.5,545.3,1.0
785,-1,1054.6,178.2,177.6,477.9,1.0
785,-1,950.6,201.2,164.0,481.9,1.0
785,-1,1.0,1.0,231.3,1043.8,0.998
785,-1,642.6,196.3,188.2,445.1,0.898
797,-1,990.9,175.2,246.1,593.5,1.0
797,-1,43.3,1.0,576.0,1080.0,1.0
797,-1,829.1,165.5,170.6,540.6,1.0
797,-1,630.0,259.3,128.4,416.1,0.998
797,-1,753.0,200.6,130.5,453.8,0.288
797,-1,1446.8,347.0,34.5,93.4,0.134
799,-1,997.4,180.2,265.3,622.6,1.0
799,-1,849.1,175.2,164.3,525.5,1.0
799,-1,11.1,5.5,617.2,1075.5,1.0
799,-1,633.8,259.6,135.9,422.6,0.998
799,-1,749.3,202.6,159.6,470.6,0.609
811,-1,1063.3,142.7,303.2,793.4,1.0
811,-1,498.4,239.7,180.1,509.4,1.0
811,-1,892.5,184.0,160.6,516.3,1.0
811,-1,646.4,261.1,149.5,480.1,1.0
811,-1,787.0,217.7,160.4,448.4,0.989
816,-1,204.3,60.0,297.4,844.8,1.0
816,-1,1096.1,119.7,314.5,893.9,1.0
816,-1,895.1,175.4,159.3,539.0,1.0
816,-1,635.9,254.5,166.2,503.8,1.0
816,-1,778.1,212.5,166.5,458.0,0.999
816,-1,477.0,223.5,169.1,550.5,0.993
825,-1,1118.0,12.4,449.6,1068.6,1.0
825,-1,600.7,233.5,190.9,569.5,1.0
825,-1,95.2,1.5,345.3,1079.5,1.0
825,-1,393.1,213.5,219.4,602.4,1.0
825,-1,889.7,185.1,168.1,518.5,1.0
825,-1,745.0,204.9,182.1,461.5,1.0
825,-1,1062.3,290.9,102.7,282.7,0.996
826,-1,1120.1,18.8,471.5,1062.2,1.0
826,-1,590.7,238.5,196.9,570.1,1.0
826,-1,891.4,173.2,167.2,541.5,1.0
826,-1,75.4,1.0,362.3,1080.0,1.0
826,-1,392.3,198.8,205.9,616.7,1.0
826,-1,745.4,205.0,179.4,456.9,1.0
826,-1,1066.4,292.2,101.9,286.5,0.976
829,-1,592.6,239.8,194.4,590.6,1.0
829,-1,900.0,174.8,172.4,535.1,1.0
829,-1,31.5,1.0,390.4,1080.0,1.0
829,-1,1102.2,2.2,636.0,1078.8,1.0
829,-1,376.3,194.1,212.4,660.0,1.0
829,-1,742.1,201.7,191.9,468.6,1.0
829,-1,1078.6,289.6,112.1,304.2,0.662
863,-1,1390.9,284.2,39.9,115.8,1.0
863,-1,403.7,2.1,427.6,1078.9,1.0
863,-1,1.0,1.0,430.1,1080.0,1.0
863,-1,970.9,110.4,165.3,533.4,1.0
863,-1,1164.0,206.0,100.5,338.3,1.0
863,-1,1614.4,68.4,306.6,1012.6,1.0
863,-1,796.1,146.1,185.1,462.8,0.999
863,-1,1453.4,299.6,28.9,70.2,0.988
863,-1,1346.7,297.4,24.9,82.4,0.922
863,-1,1318.1,297.5,21.6,75.0,0.766
863,-1,1366.1,292.9,25.9,90.3,0.723
863,-1,1608.1,284.9,35.4,102.3,0.057
865,-1,1398.2,281.0,37.6,117.2,1.0
865,-1,972.4,113.0,161.4,521.6,1.0
865,-1,379.8,1.0,449.0,1080.0,1.0
865,-1,1166.0,203.2,104.0,338.7,1.0
865,-1,796.8,143.7,178.0,466.4,1.0
865,-1,1.0,1.0,403.7,1080.0,0.997
865,-1,1644.4,37.1,276.6,1043.9,0.984
865,-1,1452.9,298.7,26.7,63.9,0.95
865,-1,1357.6,293.5,25.1,85.1,0.933
865,-1,1340.2,296.7,24.4,79.9,0.921
865,-1,1319.1,298.1,21.7,75.3,0.645
865,-1,1613.2,285.4,27.0,98.1,0.435
865,-1,1428.6,291.6,27.7,81.4,0.345
871,-1,799.8,151.6,176.6,475.0,1.0
871,-1,1403.6,273.9,38.6,120.9,1.0
871,-1,1178.4,208.0,99.5,346.0,1.0
871,-1,972.5,120.4,170.7,525.0,1.0
871,-1,1623.8,274.5,36.0,105.9,1.0
871,-1,1801.8,266.8,38.1,116.5,1.0
871,-1,209.0,2.2,548.1,1078.8,1.0
871,-1,1862.6,272.7,38.8,91.6,1.0
871,-1,1330.3,290.9,26.7,86.7,0.968
871,-1,1458.6,292.7,27.9,66.7,0.959
871,-1,1365.9,291.7,29.2,86.3,0.95
871,-1,23.0,20.4,247.9,1060.6,0.099
873,-1,801.7,160.0,170.4,474.4,1.0
873,-1,1403.3,277.2,39.8,121.7,1.0
873,-1,1861.4,272.6,39.5,98.4,1.0
873,-1,1178.3,214.3,103.3,346.1,1.0
873,-1,976.8,122.1,162.8,527.7,1.0
873,-1,133.8,3.5,583.6,1077.5,0.999
873,-1,1803.4,266.5,40.5,117.5,0.999
873,-1,1626.9,277.1,35.3,104.6,0.999
873,-1,1332.1,292.2,26.5,85.9,0.969
873,-1,1458.2,295.5,27.6,65.0,0.955
873,-1,1363.7,293.6,28.2,82.6,0.95
875,-1,1404.1,277.0,40.0,120.5,1.0
875,-1,800.3,166.8,168.7,459.3,1.0
875,-1,976.3,127.8,162.9,525.5,1.0
875,-1,1628.7,276.2,34.2,106.4,1.0
875,-1,1181.6,213.2,105.1,353.8,1.0
875,-1,1861.4,270.8,39.8,101.5,0.999
875,-1,3.1,16.4,671.8,1064.6,0.999
875,-1,1814.4,266.6,41.0,120.8,0.998
875,-1,1136.6,282.9,45.8,124.2,0.992
875,-1,1335.0,293.4,25.9,87.1,0.953
875,-1,1359.8,293.6,26.9,89.9,0.952
875,-1,1454.0,296.7,27.9,61.5,0.951
875,-1,1320.6,294.8,24.8,87.1,0.397
887,-1,442.3,112.8,255.3,596.3,1.0
887,-1,1824.4,274.6,48.8,120.2,1.0
887,-1,1389.2,287.2,37.4,114.7,1.0
887,-1,925.9,116.7,177.1,529.9,1.0
887,-1,763.0,159.1,172.1,474.7,1.0
887,-1,1605.5,283.7,32.8,105.4,1.0
887,-1,1173.4,204.1,112.1,378.0,0.999
887,-1,1119.5,285.5,42.0,122.0,0.999
887,-1,1791.6,287.0,34.3,97.6,0.975
887,-1,1331.8,297.1,27.8,97.0,0.972
887,-1,1356.9,295.7,26.8,95.5,0.928
887,-1,1432.9,300.5,28.1,63.1,0.927
887,-1,1315.8,296.8,26.6,95.5,0.786
887,-1,1451.7,305.1,26.7,63.5,0.635
891,-1,354.8,80.6,283.7,641.2,1.0
891,-1,1351.3,290.7,37.2,119.2,1.0
891,-1,1566.9,294.0,34.6,105.3,1.0
891,-1,875.9,117.8,179.4,534.9,1.0
891,-1,1083.1,285.7,43.6,124.0,1.0
891,-1,1792.0,292.5,41.0,117.9,1.0
891,-1,1134.9,207.9,121.9,383.3,1.0
891,-1,726.4,171.0,177.5,463.8,1.0
891,-1,1871.4,288.0,37.1,118.4,0.999
891,-1,1741.0,302.8,35.7,96.5,0.995
891,-1,1300.3,297.8,29.9,102.0,0.981
891,-1,1284.5,298.9,28.9,96.8,0.905
891,-1,1408.2,308.4,28.5,61.8,0.874
891,-1,1331.6,293.4,28.5,105.5,0.424
891,-1,1427.4,309.3,23.9,65.3,0.099
892,-1,1337.6,292.1,40.0,122.9,1.0
892,-1,332.6,88.7,289.7,644.9,1.0
892,-1,863.6,127.3,190.5,523.2,1.0
892,-1,716.2,175.6,184.6,465.1,1.0
892,-1,1554.7,299.4,33.7,106.7,1.0
892,-1,1863.2,297.3,38.4,118.1,1.0
892,-1,1076.6,288.5,44.3,123.6,1.0
892,-1,1124.7,207.9,124.4,386.4,1.0
892,-1,1788.7,296.6,40.6,118.9,1.0
892,-1,1733.7,309.3,34.5,93.7,0.986
892,-1,1294.9,302.9,29.7,100.2,0.973
892,-1,1752.6,307.1,34.8,99.3,0.944
892,-1,1397.0,313.7,25.8,62.8,0.866
892,-1,1275.6,302.2,29.7,96.9,0.846
892,-1,1715.8,312.1,31.3,83.2,0.476
892,-1,1359.9,299.9,31.8,85.2,0.411
892,-1,1241.5,313.0,24.8,89.4,0.082
892,-1,1529.1,309.0,24.8,75.8,0.072
895,-1,276.4,71.5,316.8,688.9,1.0
895,-1,843.3,144.3,178.5,514.3,1.0
895,-1,685.6,164.7,176.0,483.3,1.0
895,-1,1525.9,311.5,33.0,104.1,1.0
895,-1,1315.8,305.1,34.8,116.8,1.0
895,-1,1049.5,293.5,47.2,128.4,1.0
895,-1,1757.5,304.3,43.4,120.5,1.0
895,-1,1829.2,310.5,36.4,112.5,0.999
895,-1,1100.2,217.6,129.8,389.6,0.999
895,-1,1702.0,314.6,34.1,100.8,0.993
895,-1,1274.4,311.4,33.0,100.8,0.979
895,-1,1250.4,314.1,26.4,88.4,0.943
895,-1,1362.8,325.1,27.9,62.8,0.927
895,-1,625.4,255.0,55.8,191.9,0.851
895,-1,1300.3,306.4,29.8,110.5,0.635
895,-1,1685.6,322.8,31.1,79.2,0.174
